-- DỮ LIỆU MẪU DÀNH CHO SQL SERVER (SSMS)
-- DỰ ÁN: EDUVNU

-- Bảng: [accounts_user]
SET IDENTITY_INSERT [accounts_user] ON;
INSERT INTO [accounts_user] ([id], [password], [last_login], [is_superuser], [username], [first_name], [last_name], [email], [is_staff], [is_active], [date_joined], [is_instructor], [is_student], [avatar], [bio], [expertise], [birthday], [phone], [gender], [is_email_verified]) VALUES (1, N'pbkdf2_sha256$1200000$pR16ao9RhUWNviFpuiZhxo$yj5YwB6YCimbwT0w3eNrqTDoqc5Z4zHdGNd5NBkgBJM=', '2026-04-11T02:43:56.324582+00:00', 1, N'admin', N'', N'', N'', 1, 1, '2026-03-24T05:04:41.280217+00:00', 0, 1, N'', NULL, NULL, NULL, NULL, NULL, 0);
INSERT INTO [accounts_user] ([id], [password], [last_login], [is_superuser], [username], [first_name], [last_name], [email], [is_staff], [is_active], [date_joined], [is_instructor], [is_student], [avatar], [bio], [expertise], [birthday], [phone], [gender], [is_email_verified]) VALUES (2, N'pbkdf2_sha256$1200000$jhruTxOe19fdNPr22x00rX$WqjTmfJ2UJFmOHMrNa0nvXthp7a3jXa/xUG2aXsFur8=', '2026-04-15T04:39:07.592465+00:00', 1, N'aaa', N'', N'', N'', 1, 1, '2026-03-26T09:02:56.907873+00:00', 1, 1, N'', NULL, NULL, NULL, NULL, NULL, 0);
INSERT INTO [accounts_user] ([id], [password], [last_login], [is_superuser], [username], [first_name], [last_name], [email], [is_staff], [is_active], [date_joined], [is_instructor], [is_student], [avatar], [bio], [expertise], [birthday], [phone], [gender], [is_email_verified]) VALUES (45, N'!hSHkeD13Zds4OeXdC8wQWHI0iXQp91jvN8vA7BEA', NULL, 0, N'google', N'Google', N'', N'google@edu.vn', 0, 1, '2026-03-26T09:56:40.656240+00:00', 1, 0, N'', NULL, NULL, NULL, NULL, NULL, 0);
INSERT INTO [accounts_user] ([id], [password], [last_login], [is_superuser], [username], [first_name], [last_name], [email], [is_staff], [is_active], [date_joined], [is_instructor], [is_student], [avatar], [bio], [expertise], [birthday], [phone], [gender], [is_email_verified]) VALUES (46, N'!HoJINdVypFv0wixRnfTKZt54xwiGxNwwhibNuvhU', NULL, 0, N'ibm', N'IBM', N'', N'ibm@edu.vn', 0, 1, '2026-03-26T09:56:40.686103+00:00', 1, 0, N'', NULL, NULL, NULL, NULL, NULL, 0);
INSERT INTO [accounts_user] ([id], [password], [last_login], [is_superuser], [username], [first_name], [last_name], [email], [is_staff], [is_active], [date_joined], [is_instructor], [is_student], [avatar], [bio], [expertise], [birthday], [phone], [gender], [is_email_verified]) VALUES (47, N'!N6MoOAoXJClqsLFo4CWXJHfJviI0TNClaamjJ27r', NULL, 0, N'multiple_educators', N'Multiple educators', N'', N'multiple_educators@edu.vn', 0, 1, '2026-03-26T09:56:40.720919+00:00', 1, 0, N'', NULL, NULL, NULL, NULL, NULL, 0);
INSERT INTO [accounts_user] ([id], [password], [last_login], [is_superuser], [username], [first_name], [last_name], [email], [is_staff], [is_active], [date_joined], [is_instructor], [is_student], [avatar], [bio], [expertise], [birthday], [phone], [gender], [is_email_verified]) VALUES (48, N'!sTWWMhx1XiVGKTywFGpY6ycOpQCoNNbUUnNmayn8', NULL, 0, N'university_of_virginia_darden_', N'University of Virginia Darden School Foundation', N'', N'university_of_virginia_darden_@edu.vn', 0, 1, '2026-03-26T09:56:40.784451+00:00', 1, 0, N'', NULL, NULL, NULL, NULL, NULL, 0);
INSERT INTO [accounts_user] ([id], [password], [last_login], [is_superuser], [username], [first_name], [last_name], [email], [is_staff], [is_active], [date_joined], [is_instructor], [is_student], [avatar], [bio], [expertise], [birthday], [phone], [gender], [is_email_verified]) VALUES (49, N'!tL9xHe22tdnxQbkgope9MXfvixIFtUExHq0GsNrP', NULL, 0, N'deeplearning_ai', N'DeepLearning.AI', N'', N'deeplearning_ai@edu.vn', 0, 1, '2026-03-26T09:56:40.800568+00:00', 1, 0, N'', NULL, NULL, NULL, NULL, NULL, 0);
INSERT INTO [accounts_user] ([id], [password], [last_login], [is_superuser], [username], [first_name], [last_name], [email], [is_staff], [is_active], [date_joined], [is_instructor], [is_student], [avatar], [bio], [expertise], [birthday], [phone], [gender], [is_email_verified]) VALUES (50, N'!fSmuOcZqoPBtZ9waXGkGkWurRVDXEuiho9Img0qR', NULL, 0, N'vanderbilt_university', N'Vanderbilt University', N'', N'vanderbilt_university@edu.vn', 0, 1, '2026-03-26T09:56:40.863058+00:00', 1, 0, N'', NULL, NULL, NULL, NULL, NULL, 0);
INSERT INTO [accounts_user] ([id], [password], [last_login], [is_superuser], [username], [first_name], [last_name], [email], [is_staff], [is_active], [date_joined], [is_instructor], [is_student], [avatar], [bio], [expertise], [birthday], [phone], [gender], [is_email_verified]) VALUES (51, N'!Ck0wFZ1FkahaVlB8hty82twc0puahhhevD8qyqC0', NULL, 0, N'meta', N'Meta', N'', N'meta@edu.vn', 0, 1, '2026-03-26T09:56:40.934538+00:00', 1, 0, N'', NULL, NULL, NULL, NULL, NULL, 0);
INSERT INTO [accounts_user] ([id], [password], [last_login], [is_superuser], [username], [first_name], [last_name], [email], [is_staff], [is_active], [date_joined], [is_instructor], [is_student], [avatar], [bio], [expertise], [birthday], [phone], [gender], [is_email_verified]) VALUES (52, N'!RDJVGto4A3CZfq0ew6pqTIzd2y1VVWcOGreEwqHr', NULL, 0, N'microsoft', N'Microsoft', N'', N'microsoft@edu.vn', 0, 1, '2026-03-26T09:56:40.962728+00:00', 1, 0, N'', NULL, NULL, NULL, NULL, NULL, 0);
INSERT INTO [accounts_user] ([id], [password], [last_login], [is_superuser], [username], [first_name], [last_name], [email], [is_staff], [is_active], [date_joined], [is_instructor], [is_student], [avatar], [bio], [expertise], [birthday], [phone], [gender], [is_email_verified]) VALUES (53, N'!jlVuiXlokkc3YNDC0iQLEce7cTuQwYWeRsZkFly2', NULL, 0, N'university_of_pennsylvania', N'University of Pennsylvania', N'', N'university_of_pennsylvania@edu.vn', 0, 1, '2026-03-26T09:56:41.058017+00:00', 1, 0, N'', NULL, NULL, NULL, NULL, NULL, 0);
INSERT INTO [accounts_user] ([id], [password], [last_login], [is_superuser], [username], [first_name], [last_name], [email], [is_staff], [is_active], [date_joined], [is_instructor], [is_student], [avatar], [bio], [expertise], [birthday], [phone], [gender], [is_email_verified]) VALUES (54, N'!GWPbVlJIYaZg5IiomdTojMl9yoXOZ8bQi1scLSH1', NULL, 0, N'university_of_michigan', N'University of Michigan', N'', N'university_of_michigan@edu.vn', 0, 1, '2026-03-26T09:56:41.092202+00:00', 1, 0, N'', NULL, NULL, NULL, NULL, NULL, 0);
INSERT INTO [accounts_user] ([id], [password], [last_login], [is_superuser], [username], [first_name], [last_name], [email], [is_staff], [is_active], [date_joined], [is_instructor], [is_student], [avatar], [bio], [expertise], [birthday], [phone], [gender], [is_email_verified]) VALUES (55, N'!XEjNFf09A06IXsgVjw51HQTxoWrlJ9WTU8cmvTPL', NULL, 0, N'stanford_university', N'Stanford University', N'', N'stanford_university@edu.vn', 0, 1, '2026-03-26T09:56:41.116148+00:00', 1, 0, N'', NULL, NULL, NULL, NULL, NULL, 0);
INSERT INTO [accounts_user] ([id], [password], [last_login], [is_superuser], [username], [first_name], [last_name], [email], [is_staff], [is_active], [date_joined], [is_instructor], [is_student], [avatar], [bio], [expertise], [birthday], [phone], [gender], [is_email_verified]) VALUES (56, N'!bRt4ArwPJat77LlJ6NVoxsHURcPn38BrQ5RQpKcN', NULL, 0, N'intuit', N'Intuit', N'', N'intuit@edu.vn', 0, 1, '2026-03-26T09:56:41.207885+00:00', 1, 0, N'', NULL, NULL, NULL, NULL, NULL, 0);
INSERT INTO [accounts_user] ([id], [password], [last_login], [is_superuser], [username], [first_name], [last_name], [email], [is_staff], [is_active], [date_joined], [is_instructor], [is_student], [avatar], [bio], [expertise], [birthday], [phone], [gender], [is_email_verified]) VALUES (57, N'!iIKSU8tWfJqQYUtLbLndWVyJkWdpk9S7Mw75Wyio', NULL, 0, N'google___spectrum_sharing', N'Google - Spectrum Sharing', N'', N'google___spectrum_sharing@edu.vn', 0, 1, '2026-03-26T09:56:41.293813+00:00', 1, 0, N'', NULL, NULL, NULL, NULL, NULL, 0);
INSERT INTO [accounts_user] ([id], [password], [last_login], [is_superuser], [username], [first_name], [last_name], [email], [is_staff], [is_active], [date_joined], [is_instructor], [is_student], [avatar], [bio], [expertise], [birthday], [phone], [gender], [is_email_verified]) VALUES (58, N'!RxSUxJNlRsR0cQvHU2OFlNdmMC7HaqrCimeqUsxk', NULL, 0, N'yale_university', N'Yale University', N'', N'yale_university@edu.vn', 0, 1, '2026-03-26T09:56:41.308392+00:00', 1, 0, N'', NULL, NULL, NULL, NULL, NULL, 0);
INSERT INTO [accounts_user] ([id], [password], [last_login], [is_superuser], [username], [first_name], [last_name], [email], [is_staff], [is_active], [date_joined], [is_instructor], [is_student], [avatar], [bio], [expertise], [birthday], [phone], [gender], [is_email_verified]) VALUES (59, N'!OzxFMOKCTxTvV1Smur7TUklbdbz4sb3dxv17IKU7', NULL, 0, N'hrci', N'HRCI', N'', N'hrci@edu.vn', 0, 1, '2026-03-26T09:56:41.314648+00:00', 1, 0, N'', NULL, NULL, NULL, NULL, NULL, 0);
INSERT INTO [accounts_user] ([id], [password], [last_login], [is_superuser], [username], [first_name], [last_name], [email], [is_staff], [is_active], [date_joined], [is_instructor], [is_student], [avatar], [bio], [expertise], [birthday], [phone], [gender], [is_email_verified]) VALUES (60, N'!ghmVZHJcgLhQrxalyFFHfkTAOXqwEYA0UAAEoNmB', NULL, 0, N'macquarie_university', N'Macquarie University', N'', N'macquarie_university@edu.vn', 0, 1, '2026-03-26T09:56:41.323353+00:00', 1, 0, N'', NULL, NULL, NULL, NULL, NULL, 0);
INSERT INTO [accounts_user] ([id], [password], [last_login], [is_superuser], [username], [first_name], [last_name], [email], [is_staff], [is_active], [date_joined], [is_instructor], [is_student], [avatar], [bio], [expertise], [birthday], [phone], [gender], [is_email_verified]) VALUES (61, N'!Rn4O1BmQ2oLcCKbzRk0YzDVZ3Myo4b7V4ybQWWao', NULL, 0, N'university_of_alberta', N'University of Alberta', N'', N'university_of_alberta@edu.vn', 0, 1, '2026-03-26T09:56:41.351207+00:00', 1, 0, N'', NULL, NULL, NULL, NULL, NULL, 0);
INSERT INTO [accounts_user] ([id], [password], [last_login], [is_superuser], [username], [first_name], [last_name], [email], [is_staff], [is_active], [date_joined], [is_instructor], [is_student], [avatar], [bio], [expertise], [birthday], [phone], [gender], [is_email_verified]) VALUES (62, N'!pwc5OZtjyZ03kCODqfRwGQHbqg2RYbYNKsSskoCQ', NULL, 0, N'google_cloud', N'Google Cloud', N'', N'google_cloud@edu.vn', 0, 1, '2026-03-26T09:56:41.362573+00:00', 1, 0, N'', NULL, NULL, NULL, NULL, NULL, 0);
INSERT INTO [accounts_user] ([id], [password], [last_login], [is_superuser], [username], [first_name], [last_name], [email], [is_staff], [is_active], [date_joined], [is_instructor], [is_student], [avatar], [bio], [expertise], [birthday], [phone], [gender], [is_email_verified]) VALUES (63, N'!BWcEP0vdqnWrVl6jugJxoyF5OSvtXkqMGxbw2sYr', NULL, 0, N'skillup_edtech', N'SkillUp EdTech', N'', N'skillup_edtech@edu.vn', 0, 1, '2026-03-26T09:56:41.411145+00:00', 1, 0, N'', NULL, NULL, NULL, NULL, NULL, 0);
INSERT INTO [accounts_user] ([id], [password], [last_login], [is_superuser], [username], [first_name], [last_name], [email], [is_staff], [is_active], [date_joined], [is_instructor], [is_student], [avatar], [bio], [expertise], [birthday], [phone], [gender], [is_email_verified]) VALUES (64, N'!PiuT2Ni5S4kknd27G0eyzsAbRXSujooMgvVWeauZ', NULL, 0, N'sap', N'SAP', N'', N'sap@edu.vn', 0, 1, '2026-03-26T09:56:41.439191+00:00', 1, 0, N'', NULL, NULL, NULL, NULL, NULL, 0);
INSERT INTO [accounts_user] ([id], [password], [last_login], [is_superuser], [username], [first_name], [last_name], [email], [is_staff], [is_active], [date_joined], [is_instructor], [is_student], [avatar], [bio], [expertise], [birthday], [phone], [gender], [is_email_verified]) VALUES (65, N'!gnEC7Ar91u4cmyebHDF6pOEhDbDMCByYALf3ps42', NULL, 0, N'university_of_virginia', N'University of Virginia', N'', N'university_of_virginia@edu.vn', 0, 1, '2026-03-26T09:56:41.456225+00:00', 1, 0, N'', NULL, NULL, NULL, NULL, NULL, 0);
INSERT INTO [accounts_user] ([id], [password], [last_login], [is_superuser], [username], [first_name], [last_name], [email], [is_staff], [is_active], [date_joined], [is_instructor], [is_student], [avatar], [bio], [expertise], [birthday], [phone], [gender], [is_email_verified]) VALUES (66, N'!i2UpnZTr01LE8sVoIEPJ3esa5ZNg55HSeOQCDQhr', NULL, 0, N'california_institute_of_the_ar', N'California Institute of the Arts', N'', N'california_institute_of_the_ar@edu.vn', 0, 1, '2026-03-26T09:56:41.467263+00:00', 1, 0, N'', NULL, NULL, NULL, NULL, NULL, 0);
INSERT INTO [accounts_user] ([id], [password], [last_login], [is_superuser], [username], [first_name], [last_name], [email], [is_staff], [is_active], [date_joined], [is_instructor], [is_student], [avatar], [bio], [expertise], [birthday], [phone], [gender], [is_email_verified]) VALUES (67, N'!8sGcIgugHZs0pjX0YqSDYr2FKAeiMAnkdnoyhlEl', NULL, 0, N'amazon_web_services', N'Amazon Web Services', N'', N'amazon_web_services@edu.vn', 0, 1, '2026-03-26T09:56:41.488871+00:00', 1, 0, N'', NULL, NULL, NULL, NULL, NULL, 0);
INSERT INTO [accounts_user] ([id], [password], [last_login], [is_superuser], [username], [first_name], [last_name], [email], [is_staff], [is_active], [date_joined], [is_instructor], [is_student], [avatar], [bio], [expertise], [birthday], [phone], [gender], [is_email_verified]) VALUES (68, N'!TvLyxTq7EkfqhkX8KMtefEKjs8HNGxhfPi6iZaB3', NULL, 0, N'pwc', N'PwC', N'', N'pwc@edu.vn', 0, 1, '2026-03-26T09:56:41.521056+00:00', 1, 0, N'', NULL, NULL, NULL, NULL, NULL, 0);
INSERT INTO [accounts_user] ([id], [password], [last_login], [is_superuser], [username], [first_name], [last_name], [email], [is_staff], [is_active], [date_joined], [is_instructor], [is_student], [avatar], [bio], [expertise], [birthday], [phone], [gender], [is_email_verified]) VALUES (69, N'!E6AAqncsOrVKhKIHpyrUBL9qYdbd8AJPkPyJNfRd', NULL, 0, N'university_of_california__davi', N'University of California, Davis', N'', N'university_of_california__davi@edu.vn', 0, 1, '2026-03-26T09:56:41.536499+00:00', 1, 0, N'', NULL, NULL, NULL, NULL, NULL, 0);
INSERT INTO [accounts_user] ([id], [password], [last_login], [is_superuser], [username], [first_name], [last_name], [email], [is_staff], [is_active], [date_joined], [is_instructor], [is_student], [avatar], [bio], [expertise], [birthday], [phone], [gender], [is_email_verified]) VALUES (70, N'!KbE3tyUrcZ62dQXDPC7oDGnF3dfcVv5iSgPDNGV0', NULL, 0, N'iima___iim_ahmedabad', N'IIMA - IIM Ahmedabad', N'', N'iima___iim_ahmedabad@edu.vn', 0, 1, '2026-03-26T09:56:41.550356+00:00', 1, 0, N'', NULL, NULL, NULL, NULL, NULL, 0);
INSERT INTO [accounts_user] ([id], [password], [last_login], [is_superuser], [username], [first_name], [last_name], [email], [is_staff], [is_active], [date_joined], [is_instructor], [is_student], [avatar], [bio], [expertise], [birthday], [phone], [gender], [is_email_verified]) VALUES (71, N'!CevvE1SJt9HgenVegF9nPCCu3T3AxpCNQq9V55hA', NULL, 0, N'columbia_university', N'Columbia University', N'', N'columbia_university@edu.vn', 0, 1, '2026-03-26T09:56:41.578139+00:00', 1, 0, N'', NULL, NULL, NULL, NULL, NULL, 0);
INSERT INTO [accounts_user] ([id], [password], [last_login], [is_superuser], [username], [first_name], [last_name], [email], [is_staff], [is_active], [date_joined], [is_instructor], [is_student], [avatar], [bio], [expertise], [birthday], [phone], [gender], [is_email_verified]) VALUES (72, N'!8fBPhRtfXWWP0ktOI7zCYVVUBubCgiWf9da2ah1f', NULL, 0, N'university_of_california_san_d', N'University of California San Diego', N'', N'university_of_california_san_d@edu.vn', 0, 1, '2026-03-26T09:56:41.627775+00:00', 1, 0, N'', NULL, NULL, NULL, NULL, NULL, 0);
INSERT INTO [accounts_user] ([id], [password], [last_login], [is_superuser], [username], [first_name], [last_name], [email], [is_staff], [is_active], [date_joined], [is_instructor], [is_student], [avatar], [bio], [expertise], [birthday], [phone], [gender], [is_email_verified]) VALUES (73, N'!4N9d4hUiREJs2N7bjNFu2RYLmkkXC5eSXSsLriot', NULL, 0, N'university_of_illinois_at_urba', N'University of Illinois at Urbana-Champaign', N'', N'university_of_illinois_at_urba@edu.vn', 0, 1, '2026-03-26T09:56:41.721860+00:00', 1, 0, N'', NULL, NULL, NULL, NULL, NULL, 0);
INSERT INTO [accounts_user] ([id], [password], [last_login], [is_superuser], [username], [first_name], [last_name], [email], [is_staff], [is_active], [date_joined], [is_instructor], [is_student], [avatar], [bio], [expertise], [birthday], [phone], [gender], [is_email_verified]) VALUES (74, N'!stnhOYCNPh5cHQIgQtfkRh1KYcxNe5yKrZgPuaxO', NULL, 0, N'johns_hopkins_university', N'Johns Hopkins University', N'', N'johns_hopkins_university@edu.vn', 0, 1, '2026-03-26T09:56:41.765926+00:00', 1, 0, N'', NULL, NULL, NULL, NULL, NULL, 0);
INSERT INTO [accounts_user] ([id], [password], [last_login], [is_superuser], [username], [first_name], [last_name], [email], [is_staff], [is_active], [date_joined], [is_instructor], [is_student], [avatar], [bio], [expertise], [birthday], [phone], [gender], [is_email_verified]) VALUES (75, N'!Lk4zzAjQeMcYfa9uT6iZG6HIfelO9rL0xKb8eNdQ', NULL, 0, N'imperial_college_london', N'Imperial College London', N'', N'imperial_college_london@edu.vn', 0, 1, '2026-03-26T09:56:41.807900+00:00', 1, 0, N'', NULL, NULL, NULL, NULL, NULL, 0);
INSERT INTO [accounts_user] ([id], [password], [last_login], [is_superuser], [username], [first_name], [last_name], [email], [is_staff], [is_active], [date_joined], [is_instructor], [is_student], [avatar], [bio], [expertise], [birthday], [phone], [gender], [is_email_verified]) VALUES (76, N'!IjExTAAsXs3qwNgXDgTaFX935PDMQEf7RJZmOzFe', NULL, 0, N'isc2', N'ISC2', N'', N'isc2@edu.vn', 0, 1, '2026-03-26T09:56:41.828227+00:00', 1, 0, N'', NULL, NULL, NULL, NULL, NULL, 0);
INSERT INTO [accounts_user] ([id], [password], [last_login], [is_superuser], [username], [first_name], [last_name], [email], [is_staff], [is_active], [date_joined], [is_instructor], [is_student], [avatar], [bio], [expertise], [birthday], [phone], [gender], [is_email_verified]) VALUES (77, N'!kcGcwyaCPPvKIwk2CaDRVigtz08nScplXwP54CgJ', NULL, 0, N'rutgers_the_state_university_o', N'Rutgers the State University of New Jersey', N'', N'rutgers_the_state_university_o@edu.vn', 0, 1, '2026-03-26T09:56:41.858433+00:00', 1, 0, N'', NULL, NULL, NULL, NULL, NULL, 0);
INSERT INTO [accounts_user] ([id], [password], [last_login], [is_superuser], [username], [first_name], [last_name], [email], [is_staff], [is_active], [date_joined], [is_instructor], [is_student], [avatar], [bio], [expertise], [birthday], [phone], [gender], [is_email_verified]) VALUES (78, N'!MRFpK57v1vLf93zbIdKh41aPafijLfUdVmSW5QhO', NULL, 0, N'arizona_state_university', N'Arizona State University', N'', N'arizona_state_university@edu.vn', 0, 1, '2026-03-26T09:56:41.867606+00:00', 1, 0, N'', NULL, NULL, NULL, NULL, NULL, 0);
INSERT INTO [accounts_user] ([id], [password], [last_login], [is_superuser], [username], [first_name], [last_name], [email], [is_staff], [is_active], [date_joined], [is_instructor], [is_student], [avatar], [bio], [expertise], [birthday], [phone], [gender], [is_email_verified]) VALUES (79, N'!sSe53oCrDs7lYymrKYI0v1QMlZkIQH0nVoki0cB8', NULL, 0, N'tableau_learning_partner', N'Tableau Learning Partner', N'', N'tableau_learning_partner@edu.vn', 0, 1, '2026-03-26T09:56:41.882044+00:00', 1, 0, N'', NULL, NULL, NULL, NULL, NULL, 0);
INSERT INTO [accounts_user] ([id], [password], [last_login], [is_superuser], [username], [first_name], [last_name], [email], [is_staff], [is_active], [date_joined], [is_instructor], [is_student], [avatar], [bio], [expertise], [birthday], [phone], [gender], [is_email_verified]) VALUES (80, N'!rNiZpowaot71YqqhCw7lW3rssHtPUZY6ytukSquV', NULL, 0, N'georgia_institute_of_technolog', N'Georgia Institute of Technology', N'', N'georgia_institute_of_technolog@edu.vn', 0, 1, '2026-03-26T09:56:41.901603+00:00', 1, 0, N'', NULL, NULL, NULL, NULL, NULL, 0);
INSERT INTO [accounts_user] ([id], [password], [last_login], [is_superuser], [username], [first_name], [last_name], [email], [is_staff], [is_active], [date_joined], [is_instructor], [is_student], [avatar], [bio], [expertise], [birthday], [phone], [gender], [is_email_verified]) VALUES (81, N'!rMXVuQY3wqPPRhlWBUfn3LShne3TfaZg7OGIoWy1', NULL, 0, N'duke_university', N'Duke University', N'', N'duke_university@edu.vn', 0, 1, '2026-03-26T09:56:41.956947+00:00', 1, 0, N'', NULL, NULL, NULL, NULL, NULL, 0);
INSERT INTO [accounts_user] ([id], [password], [last_login], [is_superuser], [username], [first_name], [last_name], [email], [is_staff], [is_active], [date_joined], [is_instructor], [is_student], [avatar], [bio], [expertise], [birthday], [phone], [gender], [is_email_verified]) VALUES (82, N'!WCRvOYG7lChXKFETepsPEpulICo90i4Rgork3YVF', NULL, 0, N'university_of_california__irvi', N'University of California, Irvine', N'', N'university_of_california__irvi@edu.vn', 0, 1, '2026-03-26T09:56:42.043563+00:00', 1, 0, N'', NULL, NULL, NULL, NULL, NULL, 0);
INSERT INTO [accounts_user] ([id], [password], [last_login], [is_superuser], [username], [first_name], [last_name], [email], [is_staff], [is_active], [date_joined], [is_instructor], [is_student], [avatar], [bio], [expertise], [birthday], [phone], [gender], [is_email_verified]) VALUES (83, N'!bJw0MkW7c3fBzpbD8s6MBLwm70b9uwt684P5u2Ms', NULL, 0, N'salesforce', N'Salesforce', N'', N'salesforce@edu.vn', 0, 1, '2026-03-26T09:56:42.088789+00:00', 1, 0, N'', NULL, NULL, NULL, NULL, NULL, 0);
INSERT INTO [accounts_user] ([id], [password], [last_login], [is_superuser], [username], [first_name], [last_name], [email], [is_staff], [is_active], [date_joined], [is_instructor], [is_student], [avatar], [bio], [expertise], [birthday], [phone], [gender], [is_email_verified]) VALUES (84, N'!NsEQ08SHybv6TOG2e1PkMoCJniCUAcQxD4vnNG0Y', NULL, 0, N'university_system_of_georgia', N'University System of Georgia', N'', N'university_system_of_georgia@edu.vn', 0, 1, '2026-03-26T09:56:42.147969+00:00', 1, 0, N'', NULL, NULL, NULL, NULL, NULL, 0);
INSERT INTO [accounts_user] ([id], [password], [last_login], [is_superuser], [username], [first_name], [last_name], [email], [is_staff], [is_active], [date_joined], [is_instructor], [is_student], [avatar], [bio], [expertise], [birthday], [phone], [gender], [is_email_verified]) VALUES (85, N'!AmUTQ3bxuQLJmCiWDOfrgh7mKImMI8iIgAje69UW', NULL, 0, N'university_of_minnesota', N'University of Minnesota', N'', N'university_of_minnesota@edu.vn', 0, 1, '2026-03-26T09:56:42.188877+00:00', 1, 0, N'', NULL, NULL, NULL, NULL, NULL, 0);
INSERT INTO [accounts_user] ([id], [password], [last_login], [is_superuser], [username], [first_name], [last_name], [email], [is_staff], [is_active], [date_joined], [is_instructor], [is_student], [avatar], [bio], [expertise], [birthday], [phone], [gender], [is_email_verified]) VALUES (86, N'!q0kfWrJo5xUxFjtqGqPIqJsc6vk3q0HAtYm3OSuX', NULL, 0, N'university_of_colorado_boulder', N'University of Colorado Boulder', N'', N'university_of_colorado_boulder@edu.vn', 0, 1, '2026-03-26T09:56:42.206150+00:00', 1, 0, N'', NULL, NULL, NULL, NULL, NULL, 0);
INSERT INTO [accounts_user] ([id], [password], [last_login], [is_superuser], [username], [first_name], [last_name], [email], [is_staff], [is_active], [date_joined], [is_instructor], [is_student], [avatar], [bio], [expertise], [birthday], [phone], [gender], [is_email_verified]) VALUES (87, N'pbkdf2_sha256$1200000$7mNvBVL2Ugy61sZkPR3jsN$ShNHXuIkyXg+IbECNefR9Kj5+gMhncGpICMLFRTLnHQ=', NULL, 0, N'testuser', N'', N'', N'test@test.com', 0, 1, '2026-03-27T07:28:59.744455+00:00', 0, 1, N'', NULL, NULL, NULL, NULL, NULL, 0);
INSERT INTO [accounts_user] ([id], [password], [last_login], [is_superuser], [username], [first_name], [last_name], [email], [is_staff], [is_active], [date_joined], [is_instructor], [is_student], [avatar], [bio], [expertise], [birthday], [phone], [gender], [is_email_verified]) VALUES (88, N'pbkdf2_sha256$1200000$yvdFcGyMndNMP2M6mbHm9v$zTUMShEEoUTNQThv8Di6njcNYVOR+NNqftLyvXGkQng=', NULL, 0, N'testuser99', N'', N'', N'test99@eduvnu.vn', 0, 1, '2026-03-27T10:38:34.757631+00:00', 0, 1, N'', NULL, NULL, NULL, NULL, NULL, 0);
INSERT INTO [accounts_user] ([id], [password], [last_login], [is_superuser], [username], [first_name], [last_name], [email], [is_staff], [is_active], [date_joined], [is_instructor], [is_student], [avatar], [bio], [expertise], [birthday], [phone], [gender], [is_email_verified]) VALUES (89, N'pbkdf2_sha256$1200000$MxJVRBCBj4M9sIp7pwBYKk$uBv0hyckJxjq9XacTka7AGkoA8V3wa0aqk1B2I/qvFA=', NULL, 0, N'teacher_demo', N'', N'', N'teacher_demo@example.com', 0, 1, '2026-04-06T05:17:46.747753+00:00', 0, 1, N'', NULL, NULL, NULL, NULL, NULL, 0);
INSERT INTO [accounts_user] ([id], [password], [last_login], [is_superuser], [username], [first_name], [last_name], [email], [is_staff], [is_active], [date_joined], [is_instructor], [is_student], [avatar], [bio], [expertise], [birthday], [phone], [gender], [is_email_verified]) VALUES (90, N'pbkdf2_sha256$1200000$0sQGY1rW9RJkf0KkFzYYkJ$JjGazg00tPAa7rFRUzYG1GgYZIcoiXQSYY3MDax8/vE=', NULL, 0, N'teacher_demo2', N'', N'', N'teacher_demo2@gmail.com', 0, 1, '2026-04-06T05:38:28.818099+00:00', 0, 1, N'', NULL, NULL, NULL, NULL, NULL, 0);
INSERT INTO [accounts_user] ([id], [password], [last_login], [is_superuser], [username], [first_name], [last_name], [email], [is_staff], [is_active], [date_joined], [is_instructor], [is_student], [avatar], [bio], [expertise], [birthday], [phone], [gender], [is_email_verified]) VALUES (91, N'pbkdf2_sha256$1200000$u2kdVmLoYcsG75I51JmeHD$BY33/FAl3DaMsjL1AFsU9XDe29vX3W9QL5FXgohPlkk=', NULL, 0, N'push2', N'', N'', N'vuhnn6145@gmail.com', 0, 1, '2026-04-08T07:14:56.853085+00:00', 0, 1, N'', NULL, NULL, NULL, NULL, NULL, 0);
INSERT INTO [accounts_user] ([id], [password], [last_login], [is_superuser], [username], [first_name], [last_name], [email], [is_staff], [is_active], [date_joined], [is_instructor], [is_student], [avatar], [bio], [expertise], [birthday], [phone], [gender], [is_email_verified]) VALUES (92, N'pbkdf2_sha256$1200000$6gbZTK5SZEJ31U0ZOWpOp9$i6fO5RrP6JqZa9THuhNe4mcg/FXFlbRigtGGM2PabMM=', NULL, 0, N'fukushima', N'', N'', N'hansu24@gmail.com', 0, 1, '2026-04-10T03:50:35.674845+00:00', 0, 1, N'', NULL, NULL, NULL, NULL, NULL, 0);
INSERT INTO [accounts_user] ([id], [password], [last_login], [is_superuser], [username], [first_name], [last_name], [email], [is_staff], [is_active], [date_joined], [is_instructor], [is_student], [avatar], [bio], [expertise], [birthday], [phone], [gender], [is_email_verified]) VALUES (93, N'pbkdf2_sha256$1200000$P24JHl8aIoiVF6AkWscO8l$D/y4kSMVwomaYooQ9/dJx6azsLFXcvf+mATSqL7JBOI=', NULL, 1, N'giangvien1', N'', N'', N'', 1, 1, '2026-04-10T06:45:32+00:00', 0, 1, N'', NULL, NULL, NULL, NULL, NULL, 0);
INSERT INTO [accounts_user] ([id], [password], [last_login], [is_superuser], [username], [first_name], [last_name], [email], [is_staff], [is_active], [date_joined], [is_instructor], [is_student], [avatar], [bio], [expertise], [birthday], [phone], [gender], [is_email_verified]) VALUES (94, N'pbkdf2_sha256$1200000$RUj3jXejeRUIM8vIP1iA0j$wX6CzwlEcjvSaRGJrqwvy0o5SLoQQZoe995OCQ7Q1q4=', NULL, 0, N'vnu_instructor', N'', N'', N'instructor@vnu.edu.vn', 0, 1, '2026-04-10T16:01:11.218510+00:00', 1, 1, N'', NULL, NULL, NULL, NULL, NULL, 0);
INSERT INTO [accounts_user] ([id], [password], [last_login], [is_superuser], [username], [first_name], [last_name], [email], [is_staff], [is_active], [date_joined], [is_instructor], [is_student], [avatar], [bio], [expertise], [birthday], [phone], [gender], [is_email_verified]) VALUES (95, N'pbkdf2_sha256$1200000$JFqWfb3VjkFl0MhMGSIvXj$EVpYVpmsQ5tf+rcc2bNu+mRdXpMFCJLpiFVglJL6dws=', '2026-04-13T06:50:50.496969+00:00', 1, N'admin_test', N'', N'', N'admin@example.com', 1, 1, '2026-04-13T06:48:20.968948+00:00', 0, 1, N'', NULL, NULL, NULL, NULL, NULL, 0);
INSERT INTO [accounts_user] ([id], [password], [last_login], [is_superuser], [username], [first_name], [last_name], [email], [is_staff], [is_active], [date_joined], [is_instructor], [is_student], [avatar], [bio], [expertise], [birthday], [phone], [gender], [is_email_verified]) VALUES (96, N'pbkdf2_sha256$1200000$aBsk1NGjfIda3k606mIUVI$MElyCli3aB7fEqH0ka/GMhrMB0/CtS4c8xM6LTXKcR0=', NULL, 0, N'tester_123456', N'', N'', N'test@example.com', 0, 1, '2026-04-13T06:52:06.622694+00:00', 0, 1, N'', NULL, NULL, NULL, NULL, NULL, 0);
INSERT INTO [accounts_user] ([id], [password], [last_login], [is_superuser], [username], [first_name], [last_name], [email], [is_staff], [is_active], [date_joined], [is_instructor], [is_student], [avatar], [bio], [expertise], [birthday], [phone], [gender], [is_email_verified]) VALUES (97, N'pbkdf2_sha256$1200000$LtiS4zX7fASn80UqXShgIg$OWi7PgKeDHA10De1v148qrS/4A08QAH16T65wdkLLR4=', NULL, 0, N'vuha', N'', N'', N'bilunnguyen4747@gmail.com', 0, 1, '2026-04-15T04:51:33.551456+00:00', 0, 1, N'', NULL, NULL, NULL, NULL, NULL, 0);
SET IDENTITY_INSERT [accounts_user] OFF;
GO

-- Bảng: [courses_category]
SET IDENTITY_INSERT [courses_category] ON;
INSERT INTO [courses_category] ([id], [name], [description], [is_active], [created_by_id]) VALUES (1, N'Chứng chỉ Chuyên nghiệp', N'Chứng chỉ Chuyên nghiệp', 1, NULL);
INSERT INTO [courses_category] ([id], [name], [description], [is_active], [created_by_id]) VALUES (2, N'Chuyên ngành', N'Chuyên ngành', 1, NULL);
INSERT INTO [courses_category] ([id], [name], [description], [is_active], [created_by_id]) VALUES (3, N'Khóa học', N'Khóa học', 1, NULL);
INSERT INTO [courses_category] ([id], [name], [description], [is_active], [created_by_id]) VALUES (4, N'Khoa học dữ liệu', N'', 1, NULL);
INSERT INTO [courses_category] ([id], [name], [description], [is_active], [created_by_id]) VALUES (5, N'Kinh doanh', N'', 1, NULL);
INSERT INTO [courses_category] ([id], [name], [description], [is_active], [created_by_id]) VALUES (6, N'Thiết kế đồ họa', N'', 1, NULL);
INSERT INTO [courses_category] ([id], [name], [description], [is_active], [created_by_id]) VALUES (7, N'Công nghệ thông tin', N'', 1, NULL);
INSERT INTO [courses_category] ([id], [name], [description], [is_active], [created_by_id]) VALUES (8, N'Phát triển cá nhân', N'', 1, NULL);
INSERT INTO [courses_category] ([id], [name], [description], [is_active], [created_by_id]) VALUES (9, N'Thiết kế', N'', 1, NULL);
INSERT INTO [courses_category] ([id], [name], [description], [is_active], [created_by_id]) VALUES (10, N'Ngoại ngữ', N'', 1, NULL);
INSERT INTO [courses_category] ([id], [name], [description], [is_active], [created_by_id]) VALUES (11, N'Marketing', N'', 1, NULL);
SET IDENTITY_INSERT [courses_category] OFF;
GO

-- Bảng: [courses_course]
SET IDENTITY_INSERT [courses_course] ON;
INSERT INTO [courses_course] ([id], [title], [description], [price], [original_price], [image], [category_id], [status], [rejection_reason], [start_date], [end_date], [visibility_status], [level], [rating_avg], [num_reviews], [skills], [duration], [partner_name], [objective], [subject_code], [faculty], [instructor_id], [is_active], [created_at]) VALUES (429, N'Deep Learning Specialization', N'Khóa học chất lượng cao từ DeepLearning.AI giúp bạn nâng cao kỹ năng Công nghệ thông tin.', N'1200000.00', NULL, N'', 7, N'published', NULL, NULL, NULL, N'Public', N'Trung cấp', 4.9, 150000, N'Neural Networks, CNN, RNN', N'33 giờ học', N'DeepLearning.AI', N'Làm chủ các công cụ và kỹ năng thực tế nhất trong nghành.', N'INT3404', N'Trường Đại học Công nghệ', 2, 1, '2026-04-08T07:31:49.158554+00:00');
INSERT INTO [courses_course] ([id], [title], [description], [price], [original_price], [image], [category_id], [status], [rejection_reason], [start_date], [end_date], [visibility_status], [level], [rating_avg], [num_reviews], [skills], [duration], [partner_name], [objective], [subject_code], [faculty], [instructor_id], [is_active], [created_at]) VALUES (430, N'AWS Cloud Practitioner Essentials', N'Khóa học chất lượng cao từ Amazon Web Services giúp bạn nâng cao kỹ năng Công nghệ thông tin.', N'0.00', NULL, N'', 7, N'published', NULL, NULL, NULL, N'Public', N'Người mới', 4.8, 45000, N'Cloud Computing, AWS Services', N'36 giờ học', N'Amazon Web Services', N'Làm chủ các công cụ và kỹ năng thực tế nhất trong nghành.', N'INT3117', N'Trường Đại học Công nghệ', 2, 1, '2026-04-08T07:31:49.171941+00:00');
INSERT INTO [courses_course] ([id], [title], [description], [price], [original_price], [image], [category_id], [status], [rejection_reason], [start_date], [end_date], [visibility_status], [level], [rating_avg], [num_reviews], [skills], [duration], [partner_name], [objective], [subject_code], [faculty], [instructor_id], [is_active], [created_at]) VALUES (431, N'Cybersecurity Analyst Certificate', N'Khóa học chất lượng cao từ IBM giúp bạn nâng cao kỹ năng Công nghệ thông tin.', N'899000.00', NULL, N'', 7, N'published', NULL, NULL, NULL, N'Public', N'Người mới', 4.7, 22000, N'Network Security, Pentesting', N'80 giờ học', N'IBM', N'Làm chủ các công cụ và kỹ năng thực tế nhất trong nghành.', N'INT3110', N'Trường Đại học Khoa học Tự nhiên', 2, 1, '2026-04-08T07:31:49.180085+00:00');
INSERT INTO [courses_course] ([id], [title], [description], [price], [original_price], [image], [category_id], [status], [rejection_reason], [start_date], [end_date], [visibility_status], [level], [rating_avg], [num_reviews], [skills], [duration], [partner_name], [objective], [subject_code], [faculty], [instructor_id], [is_active], [created_at]) VALUES (432, N'Full-Stack Web Development', N'Khóa học chất lượng cao từ Johns Hopkins University giúp bạn nâng cao kỹ năng Công nghệ thông tin.', N'1500000.00', NULL, N'', 7, N'published', NULL, NULL, NULL, N'Public', N'Trung cấp', 4.6, 31000, N'HTML, CSS, JS, Node.js', N'58 giờ học', N'Johns Hopkins University', N'Làm chủ các công cụ và kỹ năng thực tế nhất trong nghành.', NULL, NULL, 2, 1, '2026-04-08T07:31:49.187036+00:00');
INSERT INTO [courses_course] ([id], [title], [description], [price], [original_price], [image], [category_id], [status], [rejection_reason], [start_date], [end_date], [visibility_status], [level], [rating_avg], [num_reviews], [skills], [duration], [partner_name], [objective], [subject_code], [faculty], [instructor_id], [is_active], [created_at]) VALUES (433, N'Google Data Analytics Certificate', N'Khóa học chất lượng cao từ Google giúp bạn nâng cao kỹ năng Khoa học dữ liệu.', N'0.00', NULL, N'', 4, N'published', NULL, NULL, NULL, N'Public', N'Người mới', 4.8, 210000, N'SQL, Tableau, R', N'33 giờ học', N'Google', N'Làm chủ các công cụ và kỹ năng thực tế nhất trong nghành.', NULL, NULL, 2, 1, '2026-04-08T07:31:49.191498+00:00');
INSERT INTO [courses_course] ([id], [title], [description], [price], [original_price], [image], [category_id], [status], [rejection_reason], [start_date], [end_date], [visibility_status], [level], [rating_avg], [num_reviews], [skills], [duration], [partner_name], [objective], [subject_code], [faculty], [instructor_id], [is_active], [created_at]) VALUES (434, N'Excel Skills for Business', N'Khóa học chất lượng cao từ Macquarie University giúp bạn nâng cao kỹ năng Khoa học dữ liệu.', N'450000.00', NULL, N'', 4, N'published', NULL, NULL, NULL, N'Public', N'Người mới', 4.9, 78000, N'Excel Formulas, VLOOKUP, Pivot', N'30 giờ học', N'Macquarie University', N'Làm chủ các công cụ và kỹ năng thực tế nhất trong nghành.', NULL, NULL, 2, 1, '2026-04-08T07:31:49.195799+00:00');
INSERT INTO [courses_course] ([id], [title], [description], [price], [original_price], [image], [category_id], [status], [rejection_reason], [start_date], [end_date], [visibility_status], [level], [rating_avg], [num_reviews], [skills], [duration], [partner_name], [objective], [subject_code], [faculty], [instructor_id], [is_active], [created_at]) VALUES (435, N'Applied Data Science with Python', N'Khóa học chất lượng cao từ University of Michigan giúp bạn nâng cao kỹ năng Khoa học dữ liệu.', N'950000.00', NULL, N'', 4, N'published', NULL, NULL, NULL, N'Public', N'Trung cấp', 4.7, 52000, N'Pandas, Matplotlib, Regex', N'52 giờ học', N'University of Michigan', N'Làm chủ các công cụ và kỹ năng thực tế nhất trong nghành.', NULL, NULL, 2, 1, '2026-04-08T07:31:49.201298+00:00');
INSERT INTO [courses_course] ([id], [title], [description], [price], [original_price], [image], [category_id], [status], [rejection_reason], [start_date], [end_date], [visibility_status], [level], [rating_avg], [num_reviews], [skills], [duration], [partner_name], [objective], [subject_code], [faculty], [instructor_id], [is_active], [created_at]) VALUES (436, N'Google Project Management', N'Khóa học chất lượng cao từ Google giúp bạn nâng cao kỹ năng Kinh doanh.', N'499000.00', NULL, N'', 5, N'published', NULL, NULL, NULL, N'Public', N'Người mới', 4.8, 82000, N'Agile, Scrum, Stakeholders', N'29 giờ học', N'Google', N'Làm chủ các công cụ và kỹ năng thực tế nhất trong nghành.', NULL, NULL, 2, 1, '2026-04-08T07:31:49.203492+00:00');
INSERT INTO [courses_course] ([id], [title], [description], [price], [original_price], [image], [category_id], [status], [rejection_reason], [start_date], [end_date], [visibility_status], [level], [rating_avg], [num_reviews], [skills], [duration], [partner_name], [objective], [subject_code], [faculty], [instructor_id], [is_active], [created_at]) VALUES (437, N'Business Foundations Specialization', N'Khóa học chất lượng cao từ UPenn Wharton giúp bạn nâng cao kỹ năng Kinh doanh.', N'2200000.00', NULL, N'', 5, N'published', NULL, NULL, NULL, N'Public', N'Người mới', 4.7, 18000, N'Marketing, Finance, Accounting', N'16 giờ học', N'UPenn Wharton', N'Làm chủ các công cụ và kỹ năng thực tế nhất trong nghành.', NULL, NULL, 2, 1, '2026-04-08T07:31:49.209860+00:00');
INSERT INTO [courses_course] ([id], [title], [description], [price], [original_price], [image], [category_id], [status], [rejection_reason], [start_date], [end_date], [visibility_status], [level], [rating_avg], [num_reviews], [skills], [duration], [partner_name], [objective], [subject_code], [faculty], [instructor_id], [is_active], [created_at]) VALUES (438, N'Successful Negotiation', N'Khóa học chất lượng cao từ University of Michigan giúp bạn nâng cao kỹ năng Kinh doanh.', N'0.00', NULL, N'', 5, N'published', NULL, NULL, NULL, N'Public', N'Tất cả trình độ', 4.9, 67000, N'Negotiation Tactics, Strategy', N'59 giờ học', N'University of Michigan', N'Làm chủ các công cụ và kỹ năng thực tế nhất trong nghành.', NULL, NULL, 2, 1, '2026-04-08T07:31:49.215399+00:00');
INSERT INTO [courses_course] ([id], [title], [description], [price], [original_price], [image], [category_id], [status], [rejection_reason], [start_date], [end_date], [visibility_status], [level], [rating_avg], [num_reviews], [skills], [duration], [partner_name], [objective], [subject_code], [faculty], [instructor_id], [is_active], [created_at]) VALUES (439, N'Google UX Design Certificate', N'Khóa học chất lượng cao từ Google giúp bạn nâng cao kỹ năng Thiết kế.', N'599000.00', NULL, N'', 9, N'published', NULL, NULL, NULL, N'Public', N'Người mới', 4.8, 91000, N'Figma, Prototyping, User Research', N'29 giờ học', N'Google', N'Làm chủ các công cụ và kỹ năng thực tế nhất trong nghành.', NULL, NULL, 2, 1, '2026-04-08T07:31:49.219782+00:00');
INSERT INTO [courses_course] ([id], [title], [description], [price], [original_price], [image], [category_id], [status], [rejection_reason], [start_date], [end_date], [visibility_status], [level], [rating_avg], [num_reviews], [skills], [duration], [partner_name], [objective], [subject_code], [faculty], [instructor_id], [is_active], [created_at]) VALUES (440, N'Graphic Design Specialization', N'Khóa học chất lượng cao từ CalArts giúp bạn nâng cao kỹ năng Thiết kế.', N'850000.00', NULL, N'', 9, N'published', NULL, NULL, NULL, N'Public', N'Người mới', 4.7, 25000, N'Typography, Logo, Branding', N'42 giờ học', N'CalArts', N'Làm chủ các công cụ và kỹ năng thực tế nhất trong nghành.', NULL, NULL, 2, 1, '2026-04-08T07:31:49.222392+00:00');
INSERT INTO [courses_course] ([id], [title], [description], [price], [original_price], [image], [category_id], [status], [rejection_reason], [start_date], [end_date], [visibility_status], [level], [rating_avg], [num_reviews], [skills], [duration], [partner_name], [objective], [subject_code], [faculty], [instructor_id], [is_active], [created_at]) VALUES (441, N'UI/UX Design for Real World', N'Khóa học chất lượng cao từ EduVNU Academy giúp bạn nâng cao kỹ năng Thiết kế.', N'350000.00', NULL, N'', 9, N'published', NULL, NULL, NULL, N'Public', N'Người mới', 4.8, 5400, N'UI Kits, Design Systems', N'46 giờ học', N'EduVNU Academy', N'Làm chủ các công cụ và kỹ năng thực tế nhất trong nghành.', NULL, NULL, 2, 1, '2026-04-08T07:31:49.227607+00:00');
INSERT INTO [courses_course] ([id], [title], [description], [price], [original_price], [image], [category_id], [status], [rejection_reason], [start_date], [end_date], [visibility_status], [level], [rating_avg], [num_reviews], [skills], [duration], [partner_name], [objective], [subject_code], [faculty], [instructor_id], [is_active], [created_at]) VALUES (442, N'Digital Marketing & E-commerce', N'Khóa học chất lượng cao từ Google giúp bạn nâng cao kỹ năng Marketing.', N'0.00', NULL, N'', 11, N'published', NULL, NULL, NULL, N'Public', N'Người mới', 4.8, 55000, N'SEO, SEM, Social Media', N'38 giờ học', N'Google', N'Làm chủ các công cụ và kỹ năng thực tế nhất trong nghành.', NULL, NULL, 2, 1, '2026-04-08T07:31:49.236589+00:00');
INSERT INTO [courses_course] ([id], [title], [description], [price], [original_price], [image], [category_id], [status], [rejection_reason], [start_date], [end_date], [visibility_status], [level], [rating_avg], [num_reviews], [skills], [duration], [partner_name], [objective], [subject_code], [faculty], [instructor_id], [is_active], [created_at]) VALUES (443, N'Foundations of Marketing Analytics', N'Khóa học chất lượng cao từ Emory University giúp bạn nâng cao kỹ năng Marketing.', N'780000.00', NULL, N'', 11, N'published', NULL, NULL, NULL, N'Public', N'Trung cấp', 4.6, 8900, N'Customer Analytics, ROI', N'68 giờ học', N'Emory University', N'Làm chủ các công cụ và kỹ năng thực tế nhất trong nghành.', NULL, NULL, 2, 1, '2026-04-08T07:31:49.247357+00:00');
INSERT INTO [courses_course] ([id], [title], [description], [price], [original_price], [image], [category_id], [status], [rejection_reason], [start_date], [end_date], [visibility_status], [level], [rating_avg], [num_reviews], [skills], [duration], [partner_name], [objective], [subject_code], [faculty], [instructor_id], [is_active], [created_at]) VALUES (444, N'English for Career Development', N'Khóa học chất lượng cao từ UPenn giúp bạn nâng cao kỹ năng Ngoại ngữ.', N'0.00', NULL, N'', 10, N'published', NULL, NULL, NULL, N'Public', N'Trung cấp', 4.8, 120000, N'Business English, Interview', N'61 giờ học', N'UPenn', N'Làm chủ các công cụ và kỹ năng thực tế nhất trong nghành.', NULL, NULL, 2, 1, '2026-04-08T07:31:49.253421+00:00');
INSERT INTO [courses_course] ([id], [title], [description], [price], [original_price], [image], [category_id], [status], [rejection_reason], [start_date], [end_date], [visibility_status], [level], [rating_avg], [num_reviews], [skills], [duration], [partner_name], [objective], [subject_code], [faculty], [instructor_id], [is_active], [created_at]) VALUES (445, N'First Step Korean', N'Khóa học chất lượng cao từ Yonsei University giúp bạn nâng cao kỹ năng Ngoại ngữ.', N'299000.00', NULL, N'', 10, N'published', NULL, NULL, NULL, N'Public', N'Người mới', 4.9, 230000, N'Hangul, Korean Basic', N'26 giờ học', N'Yonsei University', N'Làm chủ các công cụ và kỹ năng thực tế nhất trong nghành.', NULL, NULL, 2, 1, '2026-04-08T07:31:49.258463+00:00');
INSERT INTO [courses_course] ([id], [title], [description], [price], [original_price], [image], [category_id], [status], [rejection_reason], [start_date], [end_date], [visibility_status], [level], [rating_avg], [num_reviews], [skills], [duration], [partner_name], [objective], [subject_code], [faculty], [instructor_id], [is_active], [created_at]) VALUES (446, N'Chinese for Beginners', N'Khóa học chất lượng cao từ Peking University giúp bạn nâng cao kỹ năng Ngoại ngữ.', N'150000.00', NULL, N'', 10, N'published', NULL, NULL, NULL, N'Public', N'Người mới', 4.7, 48000, N'Pinyin, Basic Chinese', N'53 giờ học', N'Peking University', N'Làm chủ các công cụ và kỹ năng thực tế nhất trong nghành.', NULL, NULL, 2, 1, '2026-04-08T07:31:49.265621+00:00');
INSERT INTO [courses_course] ([id], [title], [description], [price], [original_price], [image], [category_id], [status], [rejection_reason], [start_date], [end_date], [visibility_status], [level], [rating_avg], [num_reviews], [skills], [duration], [partner_name], [objective], [subject_code], [faculty], [instructor_id], [is_active], [created_at]) VALUES (447, N'The Science of Well-Being', N'Khóa học chất lượng cao từ Yale University giúp bạn nâng cao kỹ năng Phát triển cá nhân.', N'0.00', NULL, N'', 8, N'published', NULL, NULL, NULL, N'Public', N'Tất cả trình độ', 4.9, 540000, N'Happiness, Gratitude, Habits', N'30 giờ học', N'Yale University', N'Làm chủ các công cụ và kỹ năng thực tế nhất trong nghành.', NULL, NULL, 2, 1, '2026-04-08T07:31:49.273463+00:00');
INSERT INTO [courses_course] ([id], [title], [description], [price], [original_price], [image], [category_id], [status], [rejection_reason], [start_date], [end_date], [visibility_status], [level], [rating_avg], [num_reviews], [skills], [duration], [partner_name], [objective], [subject_code], [faculty], [instructor_id], [is_active], [created_at]) VALUES (448, N'Learning How to Learn', N'Khóa học chất lượng cao từ DeepTeaching giúp bạn nâng cao kỹ năng Phát triển cá nhân.', N'0.00', NULL, N'', 8, N'published', NULL, NULL, NULL, N'Public', N'Người mới', 4.8, 320000, N'Memory, Focused Mode, Pomodoro', N'64 giờ học', N'DeepTeaching', N'Làm chủ các công cụ và kỹ năng thực tế nhất trong nghành.', NULL, NULL, 2, 1, '2026-04-08T07:31:49.281899+00:00');
INSERT INTO [courses_course] ([id], [title], [description], [price], [original_price], [image], [category_id], [status], [rejection_reason], [start_date], [end_date], [visibility_status], [level], [rating_avg], [num_reviews], [skills], [duration], [partner_name], [objective], [subject_code], [faculty], [instructor_id], [is_active], [created_at]) VALUES (449, N'Public Speaking', N'Khóa học chất lượng cao từ University of Washington giúp bạn nâng cao kỹ năng Phát triển cá nhân.', N'450000.00', NULL, N'', 8, N'published', NULL, NULL, NULL, N'Public', N'Người mới', 4.7, 12000, N'Presentation, Storytelling', N'51 giờ học', N'University of Washington', N'Làm chủ các công cụ và kỹ năng thực tế nhất trong nghành.', NULL, NULL, 2, 1, '2026-04-08T07:31:49.289851+00:00');
INSERT INTO [courses_course] ([id], [title], [description], [price], [original_price], [image], [category_id], [status], [rejection_reason], [start_date], [end_date], [visibility_status], [level], [rating_avg], [num_reviews], [skills], [duration], [partner_name], [objective], [subject_code], [faculty], [instructor_id], [is_active], [created_at]) VALUES (450, N'HỌC LẬP TRÌNH C++', N'Đây là quá trình bắt đầu mở ra 1 quán trình có thể khởi tạo môi trường lập trình dành cho bạn', N'2000.00', N'5000.00', N'courses/AI.avif', 7, N'published', NULL, NULL, NULL, N'Public', N'Người mới', 0.0, 0, N'C++', N'105 giờ học', N'UTH', N'✓

Kiến thức nền tảng vững chắc

✓

Kỹ năng thực hành thực tế

✓

Tư duy phản biện & giải quyết vấn đề

✓

Ứng tuyển và phát triển sự nghiệp', N'INT3200', N'', 2, 1, '2026-04-10T03:55:12.963097+00:00');
SET IDENTITY_INSERT [courses_course] OFF;
GO

-- Bảng: [courses_chapter]
SET IDENTITY_INSERT [courses_chapter] ON;
INSERT INTO [courses_chapter] ([id], [course_id], [title], [order], [created_at]) VALUES (1, 429, N'Chương 1: Giới thiệu & Khái quát', 1, '2026-04-10T05:26:34.985158+00:00');
INSERT INTO [courses_chapter] ([id], [course_id], [title], [order], [created_at]) VALUES (2, 430, N'Chương 1: Giới thiệu & Khái quát', 1, '2026-04-10T05:26:35.005033+00:00');
INSERT INTO [courses_chapter] ([id], [course_id], [title], [order], [created_at]) VALUES (3, 431, N'Chương 1: Giới thiệu & Khái quát', 1, '2026-04-10T05:26:35.008701+00:00');
INSERT INTO [courses_chapter] ([id], [course_id], [title], [order], [created_at]) VALUES (4, 432, N'Chương 1: Giới thiệu & Khái quát', 1, '2026-04-10T05:26:35.010703+00:00');
INSERT INTO [courses_chapter] ([id], [course_id], [title], [order], [created_at]) VALUES (5, 433, N'Chương 1: Giới thiệu & Khái quát', 1, '2026-04-10T05:26:35.013615+00:00');
INSERT INTO [courses_chapter] ([id], [course_id], [title], [order], [created_at]) VALUES (6, 434, N'Chương 1: Giới thiệu & Khái quát', 1, '2026-04-10T05:26:35.016802+00:00');
INSERT INTO [courses_chapter] ([id], [course_id], [title], [order], [created_at]) VALUES (7, 435, N'Chương 1: Giới thiệu & Khái quát', 1, '2026-04-10T05:26:35.016802+00:00');
INSERT INTO [courses_chapter] ([id], [course_id], [title], [order], [created_at]) VALUES (8, 436, N'Chương 1: Giới thiệu & Khái quát', 1, '2026-04-10T05:26:35.020064+00:00');
INSERT INTO [courses_chapter] ([id], [course_id], [title], [order], [created_at]) VALUES (9, 437, N'Chương 1: Giới thiệu & Khái quát', 1, '2026-04-10T05:26:35.021055+00:00');
INSERT INTO [courses_chapter] ([id], [course_id], [title], [order], [created_at]) VALUES (10, 438, N'Chương 1: Giới thiệu & Khái quát', 1, '2026-04-10T05:26:35.024033+00:00');
INSERT INTO [courses_chapter] ([id], [course_id], [title], [order], [created_at]) VALUES (11, 439, N'Chương 1: Giới thiệu & Khái quát', 1, '2026-04-10T05:26:35.025044+00:00');
INSERT INTO [courses_chapter] ([id], [course_id], [title], [order], [created_at]) VALUES (12, 440, N'Chương 1: Giới thiệu & Khái quát', 1, '2026-04-10T05:26:35.026555+00:00');
INSERT INTO [courses_chapter] ([id], [course_id], [title], [order], [created_at]) VALUES (13, 441, N'Chương 1: Giới thiệu & Khái quát', 1, '2026-04-10T05:26:35.029086+00:00');
INSERT INTO [courses_chapter] ([id], [course_id], [title], [order], [created_at]) VALUES (14, 442, N'Chương 1: Giới thiệu & Khái quát', 1, '2026-04-10T05:26:35.031097+00:00');
INSERT INTO [courses_chapter] ([id], [course_id], [title], [order], [created_at]) VALUES (15, 443, N'Chương 1: Giới thiệu & Khái quát', 1, '2026-04-10T05:26:35.032822+00:00');
INSERT INTO [courses_chapter] ([id], [course_id], [title], [order], [created_at]) VALUES (16, 444, N'Chương 1: Giới thiệu & Khái quát', 1, '2026-04-10T05:26:35.036061+00:00');
INSERT INTO [courses_chapter] ([id], [course_id], [title], [order], [created_at]) VALUES (17, 445, N'Chương 1: Giới thiệu & Khái quát', 1, '2026-04-10T05:26:35.037587+00:00');
INSERT INTO [courses_chapter] ([id], [course_id], [title], [order], [created_at]) VALUES (18, 446, N'Chương 1: Giới thiệu & Khái quát', 1, '2026-04-10T05:26:35.039580+00:00');
INSERT INTO [courses_chapter] ([id], [course_id], [title], [order], [created_at]) VALUES (19, 447, N'Chương 1: Giới thiệu & Khái quát', 1, '2026-04-10T05:26:35.041110+00:00');
INSERT INTO [courses_chapter] ([id], [course_id], [title], [order], [created_at]) VALUES (20, 448, N'Chương 1: Giới thiệu & Khái quát', 1, '2026-04-10T05:26:35.042456+00:00');
INSERT INTO [courses_chapter] ([id], [course_id], [title], [order], [created_at]) VALUES (21, 449, N'Chương 1: Giới thiệu & Khái quát', 1, '2026-04-10T05:26:35.043966+00:00');
INSERT INTO [courses_chapter] ([id], [course_id], [title], [order], [created_at]) VALUES (22, 450, N'Chương 1: Giới thiệu & Khái quát', 1, '2026-04-10T05:26:35.045987+00:00');
SET IDENTITY_INSERT [courses_chapter] OFF;
GO

-- Bảng: [courses_lesson]
SET IDENTITY_INSERT [courses_lesson] ON;
INSERT INTO [courses_lesson] ([id], [course_id], [chapter_id], [title], [order_number], [video_url], [document_file], [content], [is_active]) VALUES (1786, 430, 2, N'Introduction to AWS', 1, N'https://www.youtube.com/watch?v=zOjov-2OZ0E', N'', N'In this lesson, you will learn the basics of AWS and its core services.', 1);
INSERT INTO [courses_lesson] ([id], [course_id], [chapter_id], [title], [order_number], [video_url], [document_file], [content], [is_active]) VALUES (1789, 429, 1, N'Bài 1: Khái quát về Deep Learning Specia...', 1, N'https://www.youtube.com/watch?v=bMknfKXIFA8', N'', N'Đây là nội dung mô phỏng cho bài học 1 trong phần Chương 1: Giới thiệu & Khái quát. Video được lấy từ nguồn Edu cao cấp.', 1);
INSERT INTO [courses_lesson] ([id], [course_id], [chapter_id], [title], [order_number], [video_url], [document_file], [content], [is_active]) VALUES (1792, 431, 3, N'Bài 1: Khái quát về Cybersecurity Analys...', 1, N'https://www.youtube.com/watch?v=jS4aFq5-91M', N'', N'Đây là nội dung mô phỏng cho bài học 1 trong phần Chương 1: Giới thiệu & Khái quát. Video được lấy từ nguồn Edu cao cấp.', 1);
INSERT INTO [courses_lesson] ([id], [course_id], [chapter_id], [title], [order_number], [video_url], [document_file], [content], [is_active]) VALUES (1795, 432, 4, N'Bài 1: Khái quát về Full-Stack Web Devel...', 1, N'https://www.youtube.com/watch?v=jS4aFq5-91M', N'', N'Đây là nội dung mô phỏng cho bài học 1 trong phần Chương 1: Giới thiệu & Khái quát. Video được lấy từ nguồn Edu cao cấp.', 1);
INSERT INTO [courses_lesson] ([id], [course_id], [chapter_id], [title], [order_number], [video_url], [document_file], [content], [is_active]) VALUES (1798, 433, 5, N'Bài 1: Khái quát về Google Data Analytic...', 1, N'https://www.youtube.com/watch?v=zOjov-2OZ0E', N'', N'Đây là nội dung mô phỏng cho bài học 1 trong phần Chương 1: Giới thiệu & Khái quát. Video được lấy từ nguồn Edu cao cấp.', 1);
INSERT INTO [courses_lesson] ([id], [course_id], [chapter_id], [title], [order_number], [video_url], [document_file], [content], [is_active]) VALUES (1801, 434, 6, N'Bài 1: Khái quát về Excel Skills for Bus...', 1, N'https://www.youtube.com/watch?v=bMknfKXIFA8', N'', N'Đây là nội dung mô phỏng cho bài học 1 trong phần Chương 1: Giới thiệu & Khái quát. Video được lấy từ nguồn Edu cao cấp.', 1);
INSERT INTO [courses_lesson] ([id], [course_id], [chapter_id], [title], [order_number], [video_url], [document_file], [content], [is_active]) VALUES (1804, 435, 7, N'Bài 1: Khái quát về Applied Data Science...', 1, N'https://www.youtube.com/watch?v=rfscVS0vtbw', N'', N'Đây là nội dung mô phỏng cho bài học 1 trong phần Chương 1: Giới thiệu & Khái quát. Video được lấy từ nguồn Edu cao cấp.', 1);
INSERT INTO [courses_lesson] ([id], [course_id], [chapter_id], [title], [order_number], [video_url], [document_file], [content], [is_active]) VALUES (1807, 436, 8, N'Bài 1: Khái quát về Google Project Manag...', 1, N'https://www.youtube.com/watch?v=zOjov-2OZ0E', N'', N'Đây là nội dung mô phỏng cho bài học 1 trong phần Chương 1: Giới thiệu & Khái quát. Video được lấy từ nguồn Edu cao cấp.', 1);
INSERT INTO [courses_lesson] ([id], [course_id], [chapter_id], [title], [order_number], [video_url], [document_file], [content], [is_active]) VALUES (1810, 437, 9, N'Bài 1: Khái quát về Business Foundations...', 1, N'https://www.youtube.com/watch?v=rfscVS0vtbw', N'', N'Đây là nội dung mô phỏng cho bài học 1 trong phần Chương 1: Giới thiệu & Khái quát. Video được lấy từ nguồn Edu cao cấp.', 1);
INSERT INTO [courses_lesson] ([id], [course_id], [chapter_id], [title], [order_number], [video_url], [document_file], [content], [is_active]) VALUES (1813, 438, 10, N'Bài 1: Khái quát về Successful Negotiati...', 1, N'https://www.youtube.com/watch?v=zOjov-2OZ0E', N'', N'Đây là nội dung mô phỏng cho bài học 1 trong phần Chương 1: Giới thiệu & Khái quát. Video được lấy từ nguồn Edu cao cấp.', 1);
INSERT INTO [courses_lesson] ([id], [course_id], [chapter_id], [title], [order_number], [video_url], [document_file], [content], [is_active]) VALUES (1816, 439, 11, N'Bài 1: Khái quát về Google UX Design Cer...', 1, N'https://www.youtube.com/watch?v=bMknfKXIFA8', N'', N'Đây là nội dung mô phỏng cho bài học 1 trong phần Chương 1: Giới thiệu & Khái quát. Video được lấy từ nguồn Edu cao cấp.', 1);
INSERT INTO [courses_lesson] ([id], [course_id], [chapter_id], [title], [order_number], [video_url], [document_file], [content], [is_active]) VALUES (1819, 440, 12, N'Bài 1: Khái quát về Graphic Design Speci...', 1, N'https://www.youtube.com/watch?v=PkZNo7MFOUg', N'', N'Đây là nội dung mô phỏng cho bài học 1 trong phần Chương 1: Giới thiệu & Khái quát. Video được lấy từ nguồn Edu cao cấp.', 1);
INSERT INTO [courses_lesson] ([id], [course_id], [chapter_id], [title], [order_number], [video_url], [document_file], [content], [is_active]) VALUES (1822, 441, 13, N'Bài 1: Khái quát về UI/UX Design for Rea...', 1, N'https://www.youtube.com/watch?v=PkZNo7MFOUg', N'', N'Đây là nội dung mô phỏng cho bài học 1 trong phần Chương 1: Giới thiệu & Khái quát. Video được lấy từ nguồn Edu cao cấp.', 1);
INSERT INTO [courses_lesson] ([id], [course_id], [chapter_id], [title], [order_number], [video_url], [document_file], [content], [is_active]) VALUES (1825, 442, 14, N'Bài 1: Khái quát về Digital Marketing & ...', 1, N'https://www.youtube.com/watch?v=SqcY0GlETPk', N'', N'Đây là nội dung mô phỏng cho bài học 1 trong phần Chương 1: Giới thiệu & Khái quát. Video được lấy từ nguồn Edu cao cấp.', 1);
INSERT INTO [courses_lesson] ([id], [course_id], [chapter_id], [title], [order_number], [video_url], [document_file], [content], [is_active]) VALUES (1828, 443, 15, N'Bài 1: Khái quát về Foundations of Marke...', 1, N'https://www.youtube.com/watch?v=zOjov-2OZ0E', N'', N'Đây là nội dung mô phỏng cho bài học 1 trong phần Chương 1: Giới thiệu & Khái quát. Video được lấy từ nguồn Edu cao cấp.', 1);
INSERT INTO [courses_lesson] ([id], [course_id], [chapter_id], [title], [order_number], [video_url], [document_file], [content], [is_active]) VALUES (1831, 444, 16, N'Bài 1: Khái quát về English for Career D...', 1, N'https://www.youtube.com/watch?v=jS4aFq5-91M', N'', N'Đây là nội dung mô phỏng cho bài học 1 trong phần Chương 1: Giới thiệu & Khái quát. Video được lấy từ nguồn Edu cao cấp.', 1);
INSERT INTO [courses_lesson] ([id], [course_id], [chapter_id], [title], [order_number], [video_url], [document_file], [content], [is_active]) VALUES (1834, 445, 17, N'Bài 1: Khái quát về First Step Korean...', 1, N'https://www.youtube.com/watch?v=bMknfKXIFA8', N'', N'Đây là nội dung mô phỏng cho bài học 1 trong phần Chương 1: Giới thiệu & Khái quát. Video được lấy từ nguồn Edu cao cấp.', 1);
INSERT INTO [courses_lesson] ([id], [course_id], [chapter_id], [title], [order_number], [video_url], [document_file], [content], [is_active]) VALUES (1837, 446, 18, N'Bài 1: Khái quát về Chinese for Beginner...', 1, N'https://www.youtube.com/watch?v=zOjov-2OZ0E', N'', N'Đây là nội dung mô phỏng cho bài học 1 trong phần Chương 1: Giới thiệu & Khái quát. Video được lấy từ nguồn Edu cao cấp.', 1);
INSERT INTO [courses_lesson] ([id], [course_id], [chapter_id], [title], [order_number], [video_url], [document_file], [content], [is_active]) VALUES (1840, 447, 19, N'Bài 1: Khái quát về The Science of Well-...', 1, N'https://www.youtube.com/watch?v=SqcY0GlETPk', N'', N'Đây là nội dung mô phỏng cho bài học 1 trong phần Chương 1: Giới thiệu & Khái quát. Video được lấy từ nguồn Edu cao cấp.', 1);
INSERT INTO [courses_lesson] ([id], [course_id], [chapter_id], [title], [order_number], [video_url], [document_file], [content], [is_active]) VALUES (1843, 448, 20, N'Bài 1: Khái quát về Learning How to Lear...', 1, N'https://www.youtube.com/watch?v=_uQrJ0TkZlc', N'', N'Đây là nội dung mô phỏng cho bài học 1 trong phần Chương 1: Giới thiệu & Khái quát. Video được lấy từ nguồn Edu cao cấp.', 1);
INSERT INTO [courses_lesson] ([id], [course_id], [chapter_id], [title], [order_number], [video_url], [document_file], [content], [is_active]) VALUES (1846, 449, 21, N'Bài 1: Khái quát về Public Speaking...', 1, N'https://www.youtube.com/watch?v=jS4aFq5-91M', N'', N'Đây là nội dung mô phỏng cho bài học 1 trong phần Chương 1: Giới thiệu & Khái quát. Video được lấy từ nguồn Edu cao cấp.', 1);
INSERT INTO [courses_lesson] ([id], [course_id], [chapter_id], [title], [order_number], [video_url], [document_file], [content], [is_active]) VALUES (1849, 450, 22, N'Bài 1: Khái quát về HỌC LẬP TRÌNH C++...', 1, N'https://www.youtube.com/watch?v=_uQrJ0TkZlc', N'', N'Đây là nội dung mô phỏng cho bài học 1 trong phần Chương 1: Giới thiệu & Khái quát. Video được lấy từ nguồn Edu cao cấp.', 1);
INSERT INTO [courses_lesson] ([id], [course_id], [chapter_id], [title], [order_number], [video_url], [document_file], [content], [is_active]) VALUES (1850, 450, 22, N'Bài 2: Khái quát về HỌC LẬP TRÌNH C++...', 2, N'https://www.youtube.com/watch?v=_uQrJ0TkZlc', N'', N'Đây là nội dung mô phỏng cho bài học 2 trong phần Chương 1: Giới thiệu & Khái quát. Video được lấy từ nguồn Edu cao cấp.', 1);
INSERT INTO [courses_lesson] ([id], [course_id], [chapter_id], [title], [order_number], [video_url], [document_file], [content], [is_active]) VALUES (1847, 449, 21, N'Bài 2: Khái quát về Public Speaking...', 2, N'https://www.youtube.com/watch?v=bMknfKXIFA8', N'', N'Đây là nội dung mô phỏng cho bài học 2 trong phần Chương 1: Giới thiệu & Khái quát. Video được lấy từ nguồn Edu cao cấp.', 1);
INSERT INTO [courses_lesson] ([id], [course_id], [chapter_id], [title], [order_number], [video_url], [document_file], [content], [is_active]) VALUES (1844, 448, 20, N'Bài 2: Khái quát về Learning How to Lear...', 2, N'https://www.youtube.com/watch?v=rfscVS0vtbw', N'', N'Đây là nội dung mô phỏng cho bài học 2 trong phần Chương 1: Giới thiệu & Khái quát. Video được lấy từ nguồn Edu cao cấp.', 1);
INSERT INTO [courses_lesson] ([id], [course_id], [chapter_id], [title], [order_number], [video_url], [document_file], [content], [is_active]) VALUES (1841, 447, 19, N'Bài 2: Khái quát về The Science of Well-...', 2, N'https://www.youtube.com/watch?v=_uQrJ0TkZlc', N'', N'Đây là nội dung mô phỏng cho bài học 2 trong phần Chương 1: Giới thiệu & Khái quát. Video được lấy từ nguồn Edu cao cấp.', 1);
INSERT INTO [courses_lesson] ([id], [course_id], [chapter_id], [title], [order_number], [video_url], [document_file], [content], [is_active]) VALUES (1838, 446, 18, N'Bài 2: Khái quát về Chinese for Beginner...', 2, N'https://www.youtube.com/watch?v=PkZNo7MFOUg', N'', N'Đây là nội dung mô phỏng cho bài học 2 trong phần Chương 1: Giới thiệu & Khái quát. Video được lấy từ nguồn Edu cao cấp.', 1);
INSERT INTO [courses_lesson] ([id], [course_id], [chapter_id], [title], [order_number], [video_url], [document_file], [content], [is_active]) VALUES (1835, 445, 17, N'Bài 2: Khái quát về First Step Korean...', 2, N'https://www.youtube.com/watch?v=PkZNo7MFOUg', N'', N'Đây là nội dung mô phỏng cho bài học 2 trong phần Chương 1: Giới thiệu & Khái quát. Video được lấy từ nguồn Edu cao cấp.', 1);
INSERT INTO [courses_lesson] ([id], [course_id], [chapter_id], [title], [order_number], [video_url], [document_file], [content], [is_active]) VALUES (1832, 444, 16, N'Bài 2: Khái quát về English for Career D...', 2, N'https://www.youtube.com/watch?v=bMknfKXIFA8', N'', N'Đây là nội dung mô phỏng cho bài học 2 trong phần Chương 1: Giới thiệu & Khái quát. Video được lấy từ nguồn Edu cao cấp.', 1);
INSERT INTO [courses_lesson] ([id], [course_id], [chapter_id], [title], [order_number], [video_url], [document_file], [content], [is_active]) VALUES (1829, 443, 15, N'Bài 2: Khái quát về Foundations of Marke...', 2, N'https://www.youtube.com/watch?v=PkZNo7MFOUg', N'', N'Đây là nội dung mô phỏng cho bài học 2 trong phần Chương 1: Giới thiệu & Khái quát. Video được lấy từ nguồn Edu cao cấp.', 1);
INSERT INTO [courses_lesson] ([id], [course_id], [chapter_id], [title], [order_number], [video_url], [document_file], [content], [is_active]) VALUES (1826, 442, 14, N'Bài 2: Khái quát về Digital Marketing & ...', 2, N'https://www.youtube.com/watch?v=bMknfKXIFA8', N'', N'Đây là nội dung mô phỏng cho bài học 2 trong phần Chương 1: Giới thiệu & Khái quát. Video được lấy từ nguồn Edu cao cấp.', 1);
INSERT INTO [courses_lesson] ([id], [course_id], [chapter_id], [title], [order_number], [video_url], [document_file], [content], [is_active]) VALUES (1823, 441, 13, N'Bài 2: Khái quát về UI/UX Design for Rea...', 2, N'https://www.youtube.com/watch?v=jS4aFq5-91M', N'', N'Đây là nội dung mô phỏng cho bài học 2 trong phần Chương 1: Giới thiệu & Khái quát. Video được lấy từ nguồn Edu cao cấp.', 1);
INSERT INTO [courses_lesson] ([id], [course_id], [chapter_id], [title], [order_number], [video_url], [document_file], [content], [is_active]) VALUES (1820, 440, 12, N'Bài 2: Khái quát về Graphic Design Speci...', 2, N'https://www.youtube.com/watch?v=zOjov-2OZ0E', N'', N'Đây là nội dung mô phỏng cho bài học 2 trong phần Chương 1: Giới thiệu & Khái quát. Video được lấy từ nguồn Edu cao cấp.', 1);
INSERT INTO [courses_lesson] ([id], [course_id], [chapter_id], [title], [order_number], [video_url], [document_file], [content], [is_active]) VALUES (1817, 439, 11, N'Bài 2: Khái quát về Google UX Design Cer...', 2, N'https://www.youtube.com/watch?v=_uQrJ0TkZlc', N'', N'Đây là nội dung mô phỏng cho bài học 2 trong phần Chương 1: Giới thiệu & Khái quát. Video được lấy từ nguồn Edu cao cấp.', 1);
INSERT INTO [courses_lesson] ([id], [course_id], [chapter_id], [title], [order_number], [video_url], [document_file], [content], [is_active]) VALUES (1814, 438, 10, N'Bài 2: Khái quát về Successful Negotiati...', 2, N'https://www.youtube.com/watch?v=SqcY0GlETPk', N'', N'Đây là nội dung mô phỏng cho bài học 2 trong phần Chương 1: Giới thiệu & Khái quát. Video được lấy từ nguồn Edu cao cấp.', 1);
INSERT INTO [courses_lesson] ([id], [course_id], [chapter_id], [title], [order_number], [video_url], [document_file], [content], [is_active]) VALUES (1811, 437, 9, N'Bài 2: Khái quát về Business Foundations...', 2, N'https://www.youtube.com/watch?v=bMknfKXIFA8', N'', N'Đây là nội dung mô phỏng cho bài học 2 trong phần Chương 1: Giới thiệu & Khái quát. Video được lấy từ nguồn Edu cao cấp.', 1);
INSERT INTO [courses_lesson] ([id], [course_id], [chapter_id], [title], [order_number], [video_url], [document_file], [content], [is_active]) VALUES (1808, 436, 8, N'Bài 2: Khái quát về Google Project Manag...', 2, N'https://www.youtube.com/watch?v=rfscVS0vtbw', N'', N'Đây là nội dung mô phỏng cho bài học 2 trong phần Chương 1: Giới thiệu & Khái quát. Video được lấy từ nguồn Edu cao cấp.', 1);
INSERT INTO [courses_lesson] ([id], [course_id], [chapter_id], [title], [order_number], [video_url], [document_file], [content], [is_active]) VALUES (1805, 435, 7, N'Bài 2: Khái quát về Applied Data Science...', 2, N'https://www.youtube.com/watch?v=PkZNo7MFOUg', N'', N'Đây là nội dung mô phỏng cho bài học 2 trong phần Chương 1: Giới thiệu & Khái quát. Video được lấy từ nguồn Edu cao cấp.', 1);
INSERT INTO [courses_lesson] ([id], [course_id], [chapter_id], [title], [order_number], [video_url], [document_file], [content], [is_active]) VALUES (1802, 434, 6, N'Bài 2: Khái quát về Excel Skills for Bus...', 2, N'https://www.youtube.com/watch?v=SqcY0GlETPk', N'', N'Đây là nội dung mô phỏng cho bài học 2 trong phần Chương 1: Giới thiệu & Khái quát. Video được lấy từ nguồn Edu cao cấp.', 1);
INSERT INTO [courses_lesson] ([id], [course_id], [chapter_id], [title], [order_number], [video_url], [document_file], [content], [is_active]) VALUES (1799, 433, 5, N'Bài 2: Khái quát về Google Data Analytic...', 2, N'https://www.youtube.com/watch?v=rfscVS0vtbw', N'', N'Đây là nội dung mô phỏng cho bài học 2 trong phần Chương 1: Giới thiệu & Khái quát. Video được lấy từ nguồn Edu cao cấp.', 1);
INSERT INTO [courses_lesson] ([id], [course_id], [chapter_id], [title], [order_number], [video_url], [document_file], [content], [is_active]) VALUES (1796, 432, 4, N'Bài 2: Khái quát về Full-Stack Web Devel...', 2, N'https://www.youtube.com/watch?v=bMknfKXIFA8', N'', N'Đây là nội dung mô phỏng cho bài học 2 trong phần Chương 1: Giới thiệu & Khái quát. Video được lấy từ nguồn Edu cao cấp.', 1);
INSERT INTO [courses_lesson] ([id], [course_id], [chapter_id], [title], [order_number], [video_url], [document_file], [content], [is_active]) VALUES (1793, 431, 3, N'Bài 2: Khái quát về Cybersecurity Analys...', 2, N'https://www.youtube.com/watch?v=rfscVS0vtbw', N'', N'Đây là nội dung mô phỏng cho bài học 2 trong phần Chương 1: Giới thiệu & Khái quát. Video được lấy từ nguồn Edu cao cấp.', 1);
INSERT INTO [courses_lesson] ([id], [course_id], [chapter_id], [title], [order_number], [video_url], [document_file], [content], [is_active]) VALUES (1790, 429, 1, N'Bài 2: Khái quát về Deep Learning Specia...', 2, N'https://www.youtube.com/watch?v=jS4aFq5-91M', N'', N'Đây là nội dung mô phỏng cho bài học 2 trong phần Chương 1: Giới thiệu & Khái quát. Video được lấy từ nguồn Edu cao cấp.', 1);
INSERT INTO [courses_lesson] ([id], [course_id], [chapter_id], [title], [order_number], [video_url], [document_file], [content], [is_active]) VALUES (1787, 430, 2, N'AWS Global Infrastructure', 2, N'https://www.youtube.com/watch?v=zOjov-2OZ0E', N'', N'Explore the global infrastructure of AWS including Regions and Availability Zones.', 1);
INSERT INTO [courses_lesson] ([id], [course_id], [chapter_id], [title], [order_number], [video_url], [document_file], [content], [is_active]) VALUES (1788, 430, 2, N'AWS Compute Services', 3, N'https://www.youtube.com/watch?v=Fj7n0f1CgQo', N'', N'Introduction to AWS Compute Services like EC2, AWS Lambda, and Elastic Beanstalk.', 1);
INSERT INTO [courses_lesson] ([id], [course_id], [chapter_id], [title], [order_number], [video_url], [document_file], [content], [is_active]) VALUES (1791, 429, 1, N'Bài 3: Khái quát về Deep Learning Specia...', 3, N'https://www.youtube.com/watch?v=rfscVS0vtbw', N'', N'Đây là nội dung mô phỏng cho bài học 3 trong phần Chương 1: Giới thiệu & Khái quát. Video được lấy từ nguồn Edu cao cấp.', 1);
INSERT INTO [courses_lesson] ([id], [course_id], [chapter_id], [title], [order_number], [video_url], [document_file], [content], [is_active]) VALUES (1794, 431, 3, N'Bài 3: Khái quát về Cybersecurity Analys...', 3, N'https://www.youtube.com/watch?v=SqcY0GlETPk', N'', N'Đây là nội dung mô phỏng cho bài học 3 trong phần Chương 1: Giới thiệu & Khái quát. Video được lấy từ nguồn Edu cao cấp.', 1);
INSERT INTO [courses_lesson] ([id], [course_id], [chapter_id], [title], [order_number], [video_url], [document_file], [content], [is_active]) VALUES (1797, 432, 4, N'Bài 3: Khái quát về Full-Stack Web Devel...', 3, N'https://www.youtube.com/watch?v=_uQrJ0TkZlc', N'', N'Đây là nội dung mô phỏng cho bài học 3 trong phần Chương 1: Giới thiệu & Khái quát. Video được lấy từ nguồn Edu cao cấp.', 1);
INSERT INTO [courses_lesson] ([id], [course_id], [chapter_id], [title], [order_number], [video_url], [document_file], [content], [is_active]) VALUES (1800, 433, 5, N'Bài 3: Khái quát về Google Data Analytic...', 3, N'https://www.youtube.com/watch?v=rfscVS0vtbw', N'', N'Đây là nội dung mô phỏng cho bài học 3 trong phần Chương 1: Giới thiệu & Khái quát. Video được lấy từ nguồn Edu cao cấp.', 1);
INSERT INTO [courses_lesson] ([id], [course_id], [chapter_id], [title], [order_number], [video_url], [document_file], [content], [is_active]) VALUES (1803, 434, 6, N'Bài 3: Khái quát về Excel Skills for Bus...', 3, N'https://www.youtube.com/watch?v=bMknfKXIFA8', N'', N'Đây là nội dung mô phỏng cho bài học 3 trong phần Chương 1: Giới thiệu & Khái quát. Video được lấy từ nguồn Edu cao cấp.', 1);
INSERT INTO [courses_lesson] ([id], [course_id], [chapter_id], [title], [order_number], [video_url], [document_file], [content], [is_active]) VALUES (1806, 435, 7, N'Bài 3: Khái quát về Applied Data Science...', 3, N'https://www.youtube.com/watch?v=_uQrJ0TkZlc', N'', N'Đây là nội dung mô phỏng cho bài học 3 trong phần Chương 1: Giới thiệu & Khái quát. Video được lấy từ nguồn Edu cao cấp.', 1);
INSERT INTO [courses_lesson] ([id], [course_id], [chapter_id], [title], [order_number], [video_url], [document_file], [content], [is_active]) VALUES (1809, 436, 8, N'Bài 3: Khái quát về Google Project Manag...', 3, N'https://www.youtube.com/watch?v=zOjov-2OZ0E', N'', N'Đây là nội dung mô phỏng cho bài học 3 trong phần Chương 1: Giới thiệu & Khái quát. Video được lấy từ nguồn Edu cao cấp.', 1);
INSERT INTO [courses_lesson] ([id], [course_id], [chapter_id], [title], [order_number], [video_url], [document_file], [content], [is_active]) VALUES (1812, 437, 9, N'Bài 3: Khái quát về Business Foundations...', 3, N'https://www.youtube.com/watch?v=PkZNo7MFOUg', N'', N'Đây là nội dung mô phỏng cho bài học 3 trong phần Chương 1: Giới thiệu & Khái quát. Video được lấy từ nguồn Edu cao cấp.', 1);
INSERT INTO [courses_lesson] ([id], [course_id], [chapter_id], [title], [order_number], [video_url], [document_file], [content], [is_active]) VALUES (1815, 438, 10, N'Bài 3: Khái quát về Successful Negotiati...', 3, N'https://www.youtube.com/watch?v=bMknfKXIFA8', N'', N'Đây là nội dung mô phỏng cho bài học 3 trong phần Chương 1: Giới thiệu & Khái quát. Video được lấy từ nguồn Edu cao cấp.', 1);
INSERT INTO [courses_lesson] ([id], [course_id], [chapter_id], [title], [order_number], [video_url], [document_file], [content], [is_active]) VALUES (1818, 439, 11, N'Bài 3: Khái quát về Google UX Design Cer...', 3, N'https://www.youtube.com/watch?v=bMknfKXIFA8', N'', N'Đây là nội dung mô phỏng cho bài học 3 trong phần Chương 1: Giới thiệu & Khái quát. Video được lấy từ nguồn Edu cao cấp.', 1);
INSERT INTO [courses_lesson] ([id], [course_id], [chapter_id], [title], [order_number], [video_url], [document_file], [content], [is_active]) VALUES (1821, 440, 12, N'Bài 3: Khái quát về Graphic Design Speci...', 3, N'https://www.youtube.com/watch?v=PkZNo7MFOUg', N'', N'Đây là nội dung mô phỏng cho bài học 3 trong phần Chương 1: Giới thiệu & Khái quát. Video được lấy từ nguồn Edu cao cấp.', 1);
INSERT INTO [courses_lesson] ([id], [course_id], [chapter_id], [title], [order_number], [video_url], [document_file], [content], [is_active]) VALUES (1824, 441, 13, N'Bài 3: Khái quát về UI/UX Design for Rea...', 3, N'https://www.youtube.com/watch?v=jS4aFq5-91M', N'', N'Đây là nội dung mô phỏng cho bài học 3 trong phần Chương 1: Giới thiệu & Khái quát. Video được lấy từ nguồn Edu cao cấp.', 1);
INSERT INTO [courses_lesson] ([id], [course_id], [chapter_id], [title], [order_number], [video_url], [document_file], [content], [is_active]) VALUES (1827, 442, 14, N'Bài 3: Khái quát về Digital Marketing & ...', 3, N'https://www.youtube.com/watch?v=bMknfKXIFA8', N'', N'Đây là nội dung mô phỏng cho bài học 3 trong phần Chương 1: Giới thiệu & Khái quát. Video được lấy từ nguồn Edu cao cấp.', 1);
INSERT INTO [courses_lesson] ([id], [course_id], [chapter_id], [title], [order_number], [video_url], [document_file], [content], [is_active]) VALUES (1830, 443, 15, N'Bài 3: Khái quát về Foundations of Marke...', 3, N'https://www.youtube.com/watch?v=zOjov-2OZ0E', N'', N'Đây là nội dung mô phỏng cho bài học 3 trong phần Chương 1: Giới thiệu & Khái quát. Video được lấy từ nguồn Edu cao cấp.', 1);
INSERT INTO [courses_lesson] ([id], [course_id], [chapter_id], [title], [order_number], [video_url], [document_file], [content], [is_active]) VALUES (1833, 444, 16, N'Bài 3: Khái quát về English for Career D...', 3, N'https://www.youtube.com/watch?v=jS4aFq5-91M', N'', N'Đây là nội dung mô phỏng cho bài học 3 trong phần Chương 1: Giới thiệu & Khái quát. Video được lấy từ nguồn Edu cao cấp.', 1);
INSERT INTO [courses_lesson] ([id], [course_id], [chapter_id], [title], [order_number], [video_url], [document_file], [content], [is_active]) VALUES (1836, 445, 17, N'Bài 3: Khái quát về First Step Korean...', 3, N'https://www.youtube.com/watch?v=SqcY0GlETPk', N'', N'Đây là nội dung mô phỏng cho bài học 3 trong phần Chương 1: Giới thiệu & Khái quát. Video được lấy từ nguồn Edu cao cấp.', 1);
INSERT INTO [courses_lesson] ([id], [course_id], [chapter_id], [title], [order_number], [video_url], [document_file], [content], [is_active]) VALUES (1839, 446, 18, N'Bài 3: Khái quát về Chinese for Beginner...', 3, N'https://www.youtube.com/watch?v=rfscVS0vtbw', N'', N'Đây là nội dung mô phỏng cho bài học 3 trong phần Chương 1: Giới thiệu & Khái quát. Video được lấy từ nguồn Edu cao cấp.', 1);
INSERT INTO [courses_lesson] ([id], [course_id], [chapter_id], [title], [order_number], [video_url], [document_file], [content], [is_active]) VALUES (1842, 447, 19, N'Bài 3: Khái quát về The Science of Well-...', 3, N'https://www.youtube.com/watch?v=PkZNo7MFOUg', N'', N'Đây là nội dung mô phỏng cho bài học 3 trong phần Chương 1: Giới thiệu & Khái quát. Video được lấy từ nguồn Edu cao cấp.', 1);
INSERT INTO [courses_lesson] ([id], [course_id], [chapter_id], [title], [order_number], [video_url], [document_file], [content], [is_active]) VALUES (1845, 448, 20, N'Bài 3: Khái quát về Learning How to Lear...', 3, N'https://www.youtube.com/watch?v=zOjov-2OZ0E', N'', N'Đây là nội dung mô phỏng cho bài học 3 trong phần Chương 1: Giới thiệu & Khái quát. Video được lấy từ nguồn Edu cao cấp.', 1);
INSERT INTO [courses_lesson] ([id], [course_id], [chapter_id], [title], [order_number], [video_url], [document_file], [content], [is_active]) VALUES (1848, 449, 21, N'Bài 3: Khái quát về Public Speaking...', 3, N'https://www.youtube.com/watch?v=rfscVS0vtbw', N'', N'Đây là nội dung mô phỏng cho bài học 3 trong phần Chương 1: Giới thiệu & Khái quát. Video được lấy từ nguồn Edu cao cấp.', 1);
INSERT INTO [courses_lesson] ([id], [course_id], [chapter_id], [title], [order_number], [video_url], [document_file], [content], [is_active]) VALUES (1851, 450, 22, N'Bài 3: Khái quát về HỌC LẬP TRÌNH C++...', 3, N'https://www.youtube.com/watch?v=bMknfKXIFA8', N'', N'Đây là nội dung mô phỏng cho bài học 3 trong phần Chương 1: Giới thiệu & Khái quát. Video được lấy từ nguồn Edu cao cấp.', 1);
SET IDENTITY_INSERT [courses_lesson] OFF;
GO

-- Bảng: [courses_enrollment]
SET IDENTITY_INSERT [courses_enrollment] ON;
INSERT INTO [courses_enrollment] ([id], [user_id], [course_id], [enrolled_at]) VALUES (10948, 2, 429, '2026-04-09T13:47:38.096299+00:00');
INSERT INTO [courses_enrollment] ([id], [user_id], [course_id], [enrolled_at]) VALUES (10949, 2, 430, '2026-04-09T13:47:38.109793+00:00');
INSERT INTO [courses_enrollment] ([id], [user_id], [course_id], [enrolled_at]) VALUES (10950, 2, 431, '2026-04-09T13:47:38.111794+00:00');
INSERT INTO [courses_enrollment] ([id], [user_id], [course_id], [enrolled_at]) VALUES (10951, 92, 431, '2026-04-10T04:05:02.899195+00:00');
INSERT INTO [courses_enrollment] ([id], [user_id], [course_id], [enrolled_at]) VALUES (10952, 92, 432, '2026-04-10T16:17:38.647829+00:00');
SET IDENTITY_INSERT [courses_enrollment] OFF;
GO

-- Bảng: [courses_userprogress]
SET IDENTITY_INSERT [courses_userprogress] ON;
INSERT INTO [courses_userprogress] ([id], [user_id], [lesson_id], [status], [time_spent], [last_accessed]) VALUES (1, 2, 1787, N'completed', 0, '2026-04-09T13:53:30.915106+00:00');
INSERT INTO [courses_userprogress] ([id], [user_id], [lesson_id], [status], [time_spent], [last_accessed]) VALUES (2, 2, 1788, N'completed', 0, '2026-04-09T14:28:52.058579+00:00');
INSERT INTO [courses_userprogress] ([id], [user_id], [lesson_id], [status], [time_spent], [last_accessed]) VALUES (3, 2, 1786, N'completed', 300, '2026-04-09T13:54:13.976562+00:00');
SET IDENTITY_INSERT [courses_userprogress] OFF;
GO

-- Bảng: [courses_certificate]
SET IDENTITY_INSERT [courses_certificate] ON;
INSERT INTO [courses_certificate] ([id], [enrollment_id], [certificate_id], [issued_at]) VALUES (1, 10949, N'a41f6ad1-41e1-460b-a2de-ac05a1813278', '2026-04-09T14:29:13.460902+00:00');
SET IDENTITY_INSERT [courses_certificate] OFF;
GO

-- Bảng: [courses_instructorwallet]
SET IDENTITY_INSERT [courses_instructorwallet] ON;
INSERT INTO [courses_instructorwallet] ([id], [user_id], [balance], [bank_name], [account_number], [account_holder]) VALUES (1, 2, N'3567200.00', N'Vietcombank', N'0011 0000 8888', N'NGUYEN VAN AAA');
INSERT INTO [courses_instructorwallet] ([id], [user_id], [balance], [bank_name], [account_number], [account_holder]) VALUES (2, 94, N'0.00', N'NCB', N'9704198526191432198', N'NGUYEN VAN A');
SET IDENTITY_INSERT [courses_instructorwallet] OFF;
GO

-- Bảng: [courses_wallettransaction]
SET IDENTITY_INSERT [courses_wallettransaction] ON;
INSERT INTO [courses_wallettransaction] ([id], [wallet_id], [amount], [transaction_type], [description], [order_item_id], [created_at]) VALUES (1, 1, N'629300.00', N'earning', N'Thu nhập từ học viên aaa mua khóa Cybersecurity Analyst Certificate', 10059, '2026-04-10T04:32:20.186702+00:00');
INSERT INTO [courses_wallettransaction] ([id], [wallet_id], [amount], [transaction_type], [description], [order_item_id], [created_at]) VALUES (2, 1, N'629300.00', N'earning', N'Thu nhập từ học viên fukushima mua khóa Cybersecurity Analyst Certificate', 10061, '2026-04-10T04:32:20.198539+00:00');
INSERT INTO [courses_wallettransaction] ([id], [wallet_id], [amount], [transaction_type], [description], [order_item_id], [created_at]) VALUES (3, 1, N'1050000.00', N'earning', N'Thu nhập từ học viên fukushima mua khóa Full-Stack Web Development', 10064, '2026-04-10T16:17:38.622855+00:00');
SET IDENTITY_INSERT [courses_wallettransaction] OFF;
GO

-- Bảng: [courses_degreeprogram]
SET IDENTITY_INSERT [courses_degreeprogram] ON;
INSERT INTO [courses_degreeprogram] ([id], [level], [subject], [school], [title], [deadline], [duration], [tuition], [logo], [instructor], [instructor_title], [skills], [curriculum], [videos], [created_at], [is_active]) VALUES (1, N'Bằng cử nhân', N'Computer Science', N'Đại học Bách Khoa Hà Nội', N'Bachelor of Science in Computer Science', N'30 tháng 4 năm 2026', N'4 năm', N'15.000.000 đ/năm', N'BK', N'GS. TS. Nguyễn Văn Minh', N'Trưởng khoa CNTT - ĐH Bách Khoa HN', N'["Lập trình Python", "Cấu trúc dữ liệu", "Giải thuật", "Hệ điều hành", "Mạng máy tính", "Cơ sở dữ liệu"]', N'[{"title": "Năm 1: Nền tảng Khoa học máy tính", "lessons": ["Nhập môn lập trình", "Toán rời rạc", "Vật lý đại cương", "Tiếng Anh chuyên ngành"]}, {"title": "Năm 2: Kỹ thuật phần mềm", "lessons": ["Cấu trúc dữ liệu & Giải thuật", "Lập trình hướng đối tượng", "Cơ sở dữ liệu", "Mạng máy tính"]}, {"title": "Năm 3: Chuyên sâu", "lessons": ["Trí tuệ nhân tạo", "Phát triển Web", "An toàn thông tin", "Hệ thống phân tán"]}, {"title": "Năm 4: Dự án & Thực tập", "lessons": ["Thực tập doanh nghiệp", "Đồ án tốt nghiệp", "Khởi nghiệp công nghệ"]}]', N'["Giới thiệu Computer Science - CS50 Harvard", "Python cho người mới bắt đầu", "Data Structures & Algorithms Visualized", "How the Internet Works"]', '2026-04-15T06:55:58.502821+00:00', 1);
INSERT INTO [courses_degreeprogram] ([id], [level], [subject], [school], [title], [deadline], [duration], [tuition], [logo], [instructor], [instructor_title], [skills], [curriculum], [videos], [created_at], [is_active]) VALUES (2, N'Bằng thạc sĩ', N'Data Science', N'Đại học Quốc gia TP.HCM', N'Master of Science in Data Science & AI', N'17 tháng 4 năm 2026', N'2 năm', N'25.000.000 đ/năm', N'QG', N'PGS. TS. Trần Thị Lan', N'Giám đốc Trung tâm AI - ĐHQG TP.HCM', N'["Machine Learning", "Deep Learning", "Python/R", "Big Data", "Data Visualization", "NLP"]', N'[{"title": "HK1: Nền tảng Data Science", "lessons": ["Thống kê nâng cao", "Machine Learning cơ bản", "Python for Data Science", "SQL & NoSQL"]}, {"title": "HK2: Deep Learning & AI", "lessons": ["Neural Networks", "Computer Vision", "NLP & LLMs", "Reinforcement Learning"]}, {"title": "HK3: Big Data & Cloud", "lessons": ["Apache Spark", "Cloud AI (AWS/GCP)", "MLOps & Deployment", "Data Engineering"]}, {"title": "HK4: Luận văn nghiên cứu", "lessons": ["Đề xuất nghiên cứu", "Thực nghiệm & Đánh giá", "Bảo vệ luận văn"]}]', N'["Introduction to Machine Learning - Andrew Ng", "Deep Learning Specialization Overview", "What is Data Science?", "AI & The Future of Work"]', '2026-04-15T06:55:58.520810+00:00', 1);
INSERT INTO [courses_degreeprogram] ([id], [level], [subject], [school], [title], [deadline], [duration], [tuition], [logo], [instructor], [instructor_title], [skills], [curriculum], [videos], [created_at], [is_active]) VALUES (3, N'Bằng cử nhân', N'Business', N'Đại học Kinh tế Quốc dân', N'Bachelor of Business Administration', N'15 tháng 5 năm 2026', N'4 năm', N'12.000.000 đ/năm', N'KT', N'TS. Lê Minh Tuấn', N'Trưởng khoa Quản trị Kinh doanh - ĐHKTQD', N'["Quản trị kinh doanh", "Marketing", "Tài chính", "Kế toán", "Quản lý dự án", "Leadership"]', N'[{"title": "Năm 1: Kinh tế học đại cương", "lessons": ["Kinh tế vi mô", "Kinh tế vĩ mô", "Toán kinh tế", "Luật kinh doanh"]}, {"title": "Năm 2: Quản trị cốt lõi", "lessons": ["Marketing căn bản", "Kế toán tài chính", "Quản trị nhân sự", "Quản lý dự án"]}, {"title": "Năm 3: Chuyên ngành", "lessons": ["Chiến lược kinh doanh", "Thương mại điện tử", "Tài chính doanh nghiệp"]}, {"title": "Năm 4: Thực chiến", "lessons": ["Thực tập doanh nghiệp", "Khởi nghiệp & Đổi mới sáng tạo", "Khóa luận tốt nghiệp"]}]', N'["What is Business Administration?", "Marketing Fundamentals - Kotler", "Financial Management Basics", "Entrepreneurship & Startup"]', '2026-04-15T06:55:58.533885+00:00', 1);
INSERT INTO [courses_degreeprogram] ([id], [level], [subject], [school], [title], [deadline], [duration], [tuition], [logo], [instructor], [instructor_title], [skills], [curriculum], [videos], [created_at], [is_active]) VALUES (4, N'Bằng thạc sĩ', N'Information Technology', N'Đại học FPT', N'Master of Science in Information Technology', N'1 tháng 6 năm 2026', N'2 năm', N'30.000.000 đ/năm', N'FP', N'TS. Phạm Quốc Hùng', N'Giám đốc Học thuật - ĐH FPT', N'["Cloud Computing", "DevOps", "Cybersecurity", "System Architecture", "Project Management", "Agile/Scrum"]', N'[{"title": "HK1: IT Hiện đại", "lessons": ["Cloud Computing (AWS/Azure)", "Microservices Architecture", "DevOps & CI/CD", "Agile Leadership"]}, {"title": "HK2: An toàn & Bảo mật", "lessons": ["Cybersecurity Strategy", "Penetration Testing", "Network Security", "Compliance & Governance"]}, {"title": "HK3: Chuyển đổi số", "lessons": ["Digital Transformation", "Enterprise Architecture", "IT Strategy"]}, {"title": "HK4: Dự án cuối khoá", "lessons": ["Research Methodology", "Capstone Project", "Industry Presentation"]}]', N'["Cloud Computing Explained", "DevOps Roadmap 2025", "Cybersecurity for Beginners", "Digital Transformation Strategy"]', '2026-04-15T06:55:58.539666+00:00', 1);
INSERT INTO [courses_degreeprogram] ([id], [level], [subject], [school], [title], [deadline], [duration], [tuition], [logo], [instructor], [instructor_title], [skills], [curriculum], [videos], [created_at], [is_active]) VALUES (5, N'Bằng cử nhân', N'Data Science', N'Đại học Công nghệ - ĐHQGHN', N'Bachelor of Science in Data Science', N'20 tháng 4 năm 2026', N'4 năm', N'14.000.000 đ/năm', N'CN', N'GS. Nguyễn Hữu Đức', N'Phó Giám đốc ĐHQGHN', N'["Python", "Statistics", "Data Analysis", "Machine Learning", "Visualization", "SQL"]', N'[{"title": "Năm 1: Toán & Lập trình", "lessons": ["Giải tích & Đại số tuyến tính", "Xác suất thống kê", "Python cơ bản", "Nhập môn CSDL"]}, {"title": "Năm 2: Phân tích dữ liệu", "lessons": ["Data Wrangling", "Exploratory Data Analysis", "Machine Learning cơ bản", "Data Visualization"]}, {"title": "Năm 3: ML & AI ứng dụng", "lessons": ["Advanced ML", "Time Series Analysis", "Recommendation Systems"]}, {"title": "Năm 4: Đồ án & Thực tập", "lessons": ["Internship tại doanh nghiệp", "Capstone Data Project", "Thi tốt nghiệp"]}]', N'["Data Science Full Course", "Statistics for Data Science", "Pandas & NumPy Tutorial", "Matplotlib & Seaborn Visualization"]', '2026-04-15T06:55:58.542141+00:00', 1);
INSERT INTO [courses_degreeprogram] ([id], [level], [subject], [school], [title], [deadline], [duration], [tuition], [logo], [instructor], [instructor_title], [skills], [curriculum], [videos], [created_at], [is_active]) VALUES (6, N'Bằng thạc sĩ', N'Computer Science', N'Đại học Bách Khoa TP.HCM', N'Master of Science in Computer Science', N'10 tháng 5 năm 2026', N'2 năm', N'28.000.000 đ/năm', N'BK', N'PGS. TS. Võ Đình Hiếu', N'Trưởng khoa KHMT - ĐH Bách Khoa HCM', N'["Algorithms", "Distributed Systems", "Compiler Design", "AI/ML Research", "System Programming"]', N'[{"title": "HK1: CS Nâng cao", "lessons": ["Advanced Algorithms", "Distributed Computing", "Programming Language Theory", "Research Methods"]}, {"title": "HK2: Hệ thống", "lessons": ["Operating Systems Advanced", "Computer Architecture", "Compiler Construction"]}, {"title": "HK3 & 4: Nghiên cứu", "lessons": ["Chọn hướng nghiên cứu", "Thực nghiệm", "Báo cáo khoa học", "Bảo vệ luận văn"]}]', N'["Advanced Algorithms - MIT OCW", "Distributed Systems Concepts", "How Compilers Work", "Research Skills for CS Graduate"]', '2026-04-15T06:55:58.549514+00:00', 1);
INSERT INTO [courses_degreeprogram] ([id], [level], [subject], [school], [title], [deadline], [duration], [tuition], [logo], [instructor], [instructor_title], [skills], [curriculum], [videos], [created_at], [is_active]) VALUES (7, N'Bằng cử nhân', N'Math and Logic', N'Đại học Khoa học Tự nhiên', N'Bachelor of Science in Mathematics', N'25 tháng 4 năm 2026', N'4 năm', N'11.000.000 đ/năm', N'KH', N'GS. TSKH. Đặng Hùng Thắng', N'Giáo sư Toán học nổi tiếng VN', N'["Calculus", "Linear Algebra", "Statistics", "Logic", "Number Theory", "Mathematical Modeling"]', N'[{"title": "Năm 1: Toán cơ bản", "lessons": ["Giải tích 1, 2, 3", "Đại số tuyến tính", "Toán rời rạc", "Nhập môn lập trình"]}, {"title": "Năm 2: Toán ứng dụng", "lessons": ["Xác suất & Thống kê", "Phương trình vi phân", "Phương pháp số", "Tối ưu hóa"]}, {"title": "Năm 3: Chuyên sâu", "lessons": ["Lý thuyết số", "Hình học vi phân", "Giải tích hàm"]}, {"title": "Năm 4: Nghiên cứu & Ứng dụng", "lessons": ["Toán tài chính", "Thống kê nâng cao", "Khóa luận tốt nghiệp"]}]', N'["The Beauty of Mathematics", "Linear Algebra - 3Blue1Brown", "Statistics Fundamentals", "Mathematical Modeling in Real Life"]', '2026-04-15T06:55:58.552749+00:00', 1);
INSERT INTO [courses_degreeprogram] ([id], [level], [subject], [school], [title], [deadline], [duration], [tuition], [logo], [instructor], [instructor_title], [skills], [curriculum], [videos], [created_at], [is_active]) VALUES (8, N'Bằng thạc sĩ', N'Business', N'Đại học Ngoại thương', N'Master of Business Administration (MBA)', N'30 tháng 5 năm 2026', N'2 năm', N'35.000.000 đ/năm', N'NT', N'PGS. TS. Bùi Thị Thanh', N'Hiệu trưởng - Trường Kinh tế ĐH Ngoại thương', N'["Strategic Management", "Corporate Finance", "Global Marketing", "Leadership", "Negotiation", "Business Analytics"]', N'[{"title": "HK1: Nền tảng MBA", "lessons": ["Financial Accounting", "Organizational Behavior", "Microeconomics for Managers", "Business Analytics"]}, {"title": "HK2: Chức năng kinh doanh", "lessons": ["Strategic Marketing", "Corporate Finance", "Operations Management", "Global Business"]}, {"title": "HK3: Lãnh đạo", "lessons": ["Leadership & Ethics", "Negotiation & Conflict Resolution", "Innovation Management"]}, {"title": "HK4: Capstone", "lessons": ["Business Consulting Project", "Executive Presentation", "Bảo vệ luận văn MBA"]}]', N'["MBA vs Masters in Business", "MBA Program Overview", "Corporate Finance Basics", "What CEOs Do Every Day"]', '2026-04-15T06:55:58.564150+00:00', 1);
SET IDENTITY_INSERT [courses_degreeprogram] OFF;
GO

-- Bảng: [cart_cart]
SET IDENTITY_INSERT [cart_cart] ON;
INSERT INTO [cart_cart] ([id], [user_id]) VALUES (4, 1);
INSERT INTO [cart_cart] ([id], [user_id]) VALUES (1, 2);
INSERT INTO [cart_cart] ([id], [user_id]) VALUES (2, 87);
INSERT INTO [cart_cart] ([id], [user_id]) VALUES (3, 88);
INSERT INTO [cart_cart] ([id], [user_id]) VALUES (5, 89);
INSERT INTO [cart_cart] ([id], [user_id]) VALUES (6, 90);
INSERT INTO [cart_cart] ([id], [user_id]) VALUES (7, 91);
INSERT INTO [cart_cart] ([id], [user_id]) VALUES (8, 92);
INSERT INTO [cart_cart] ([id], [user_id]) VALUES (9, 94);
INSERT INTO [cart_cart] ([id], [user_id]) VALUES (10, 96);
INSERT INTO [cart_cart] ([id], [user_id]) VALUES (11, 97);
SET IDENTITY_INSERT [cart_cart] OFF;
GO

-- Bảng: [orders_order]
SET IDENTITY_INSERT [orders_order] ON;
INSERT INTO [orders_order] ([id], [user_id], [total_price], [payment_method], [transaction_id], [paid_at], [status], [created_at]) VALUES (1, 2, N'1200000.00', N'cash', NULL, NULL, N'paid', '2026-03-26T17:49:21.573936+00:00');
INSERT INTO [orders_order] ([id], [user_id], [total_price], [payment_method], [transaction_id], [paid_at], [status], [created_at]) VALUES (2, 2, N'899000.00', N'bank_transfer', N'WEB_PAY_1774549411804', '2026-03-26T18:23:31.832201+00:00', N'paid', '2026-03-26T18:23:27.745844+00:00');
INSERT INTO [orders_order] ([id], [user_id], [total_price], [payment_method], [transaction_id], [paid_at], [status], [created_at]) VALUES (10002, 2, N'1200000.00', N'bank_transfer', NULL, '2026-03-27T07:38:40.636252+00:00', N'paid', '2026-03-27T05:24:11.989913+00:00');
INSERT INTO [orders_order] ([id], [user_id], [total_price], [payment_method], [transaction_id], [paid_at], [status], [created_at]) VALUES (10003, 2, N'599000.00', N'bank_transfer', NULL, '2026-03-27T07:38:40.659203+00:00', N'paid', '2026-03-27T05:31:26.234254+00:00');
INSERT INTO [orders_order] ([id], [user_id], [total_price], [payment_method], [transaction_id], [paid_at], [status], [created_at]) VALUES (10004, 2, N'0.00', N'bank_transfer', NULL, '2026-03-27T07:38:40.666377+00:00', N'paid', '2026-03-27T06:47:39.013943+00:00');
INSERT INTO [orders_order] ([id], [user_id], [total_price], [payment_method], [transaction_id], [paid_at], [status], [created_at]) VALUES (10005, 87, N'0.00', N'bank_transfer', NULL, '2026-03-27T07:38:40.672682+00:00', N'paid', '2026-03-27T07:30:00.603606+00:00');
INSERT INTO [orders_order] ([id], [user_id], [total_price], [payment_method], [transaction_id], [paid_at], [status], [created_at]) VALUES (10006, 87, N'899000.00', N'bank_transfer', NULL, NULL, N'pending', '2026-03-27T07:41:37.130334+00:00');
INSERT INTO [orders_order] ([id], [user_id], [total_price], [payment_method], [transaction_id], [paid_at], [status], [created_at]) VALUES (10007, 2, N'450000.00', N'card', NULL, NULL, N'pending', '2026-03-27T08:52:25.901764+00:00');
INSERT INTO [orders_order] ([id], [user_id], [total_price], [payment_method], [transaction_id], [paid_at], [status], [created_at]) VALUES (10008, 2, N'780000.00', N'bank_transfer', NULL, NULL, N'pending', '2026-03-27T09:00:31.011473+00:00');
INSERT INTO [orders_order] ([id], [user_id], [total_price], [payment_method], [transaction_id], [paid_at], [status], [created_at]) VALUES (10009, 1, N'499000.00', N'bank_transfer', NULL, NULL, N'pending', '2026-03-27T11:16:45.422728+00:00');
INSERT INTO [orders_order] ([id], [user_id], [total_price], [payment_method], [transaction_id], [paid_at], [status], [created_at]) VALUES (10010, 2, N'0.00', N'momo', NULL, NULL, N'pending', '2026-03-27T16:28:16.041779+00:00');
INSERT INTO [orders_order] ([id], [user_id], [total_price], [payment_method], [transaction_id], [paid_at], [status], [created_at]) VALUES (10011, 2, N'990000.00', N'zalopay', NULL, NULL, N'pending', '2026-04-05T11:56:36.103732+00:00');
INSERT INTO [orders_order] ([id], [user_id], [total_price], [payment_method], [transaction_id], [paid_at], [status], [created_at]) VALUES (10012, 89, N'1200000.00', N'vnpay', NULL, NULL, N'pending', '2026-04-06T05:18:34.944680+00:00');
INSERT INTO [orders_order] ([id], [user_id], [total_price], [payment_method], [transaction_id], [paid_at], [status], [created_at]) VALUES (10013, 89, N'899000.00', N'vnpay', NULL, NULL, N'pending', '2026-04-06T05:20:35.540490+00:00');
INSERT INTO [orders_order] ([id], [user_id], [total_price], [payment_method], [transaction_id], [paid_at], [status], [created_at]) VALUES (10014, 89, N'1500000.00', N'vnpay', NULL, NULL, N'pending', '2026-04-06T05:22:11.770226+00:00');
INSERT INTO [orders_order] ([id], [user_id], [total_price], [payment_method], [transaction_id], [paid_at], [status], [created_at]) VALUES (10015, 90, N'1200000.00', N'vnpay', N'VNPAY_MOCK_SUCCESS', '2026-04-06T05:39:59.732036+00:00', N'paid', '2026-04-06T05:39:31.782215+00:00');
INSERT INTO [orders_order] ([id], [user_id], [total_price], [payment_method], [transaction_id], [paid_at], [status], [created_at]) VALUES (10016, 90, N'899000.00', N'bank_transfer', NULL, NULL, N'pending', '2026-04-06T05:41:55.965629+00:00');
INSERT INTO [orders_order] ([id], [user_id], [total_price], [payment_method], [transaction_id], [paid_at], [status], [created_at]) VALUES (10017, 90, N'1500000.00', N'card', N'VNPAY_MOCK_SUCCESS', '2026-04-06T05:43:15.083257+00:00', N'paid', '2026-04-06T05:42:56.264165+00:00');
INSERT INTO [orders_order] ([id], [user_id], [total_price], [payment_method], [transaction_id], [paid_at], [status], [created_at]) VALUES (10018, 2, N'2099000.00', N'vnpay', N'VNPAY_MOCK_SUCCESS', '2026-04-06T05:54:07.201326+00:00', N'paid', '2026-04-06T05:53:41.586140+00:00');
INSERT INTO [orders_order] ([id], [user_id], [total_price], [payment_method], [transaction_id], [paid_at], [status], [created_at]) VALUES (10019, 2, N'150000.00', N'momo', N'MOMO_1775455562270', '2026-04-06T06:06:02.286629+00:00', N'paid', '2026-04-06T06:05:58.191033+00:00');
INSERT INTO [orders_order] ([id], [user_id], [total_price], [payment_method], [transaction_id], [paid_at], [status], [created_at]) VALUES (10020, 2, N'1200000.00', N'vnpay', NULL, NULL, N'pending', '2026-04-06T06:35:11.195017+00:00');
INSERT INTO [orders_order] ([id], [user_id], [total_price], [payment_method], [transaction_id], [paid_at], [status], [created_at]) VALUES (10021, 2, N'1200000.00', N'vnpay', NULL, NULL, N'pending', '2026-04-06T06:36:20.402432+00:00');
INSERT INTO [orders_order] ([id], [user_id], [total_price], [payment_method], [transaction_id], [paid_at], [status], [created_at]) VALUES (10022, 2, N'1200000.00', N'vnpay', NULL, NULL, N'pending', '2026-04-06T06:37:26.145749+00:00');
INSERT INTO [orders_order] ([id], [user_id], [total_price], [payment_method], [transaction_id], [paid_at], [status], [created_at]) VALUES (10023, 2, N'950000.00', N'vnpay', NULL, NULL, N'pending', '2026-04-06T06:56:03.715529+00:00');
INSERT INTO [orders_order] ([id], [user_id], [total_price], [payment_method], [transaction_id], [paid_at], [status], [created_at]) VALUES (10024, 2, N'950000.00', N'vnpay', NULL, NULL, N'pending', '2026-04-06T06:58:01.801657+00:00');
INSERT INTO [orders_order] ([id], [user_id], [total_price], [payment_method], [transaction_id], [paid_at], [status], [created_at]) VALUES (10025, 2, N'850000.00', N'vnpay', NULL, NULL, N'pending', '2026-04-06T07:00:58.531423+00:00');
INSERT INTO [orders_order] ([id], [user_id], [total_price], [payment_method], [transaction_id], [paid_at], [status], [created_at]) VALUES (10026, 2, N'450000.00', N'vnpay', NULL, NULL, N'pending', '2026-04-06T07:02:02.796338+00:00');
INSERT INTO [orders_order] ([id], [user_id], [total_price], [payment_method], [transaction_id], [paid_at], [status], [created_at]) VALUES (10027, 2, N'1200000.00', N'vnpay', NULL, NULL, N'pending', '2026-04-06T07:04:24.013735+00:00');
INSERT INTO [orders_order] ([id], [user_id], [total_price], [payment_method], [transaction_id], [paid_at], [status], [created_at]) VALUES (10028, 2, N'899000.00', N'vnpay', NULL, NULL, N'pending', '2026-04-06T07:07:50.018620+00:00');
INSERT INTO [orders_order] ([id], [user_id], [total_price], [payment_method], [transaction_id], [paid_at], [status], [created_at]) VALUES (10029, 2, N'1500000.00', N'vnpay', NULL, NULL, N'pending', '2026-04-06T07:16:02.522419+00:00');
INSERT INTO [orders_order] ([id], [user_id], [total_price], [payment_method], [transaction_id], [paid_at], [status], [created_at]) VALUES (10030, 2, N'899000.00', N'vnpay', NULL, NULL, N'pending', '2026-04-06T07:17:38.853187+00:00');
INSERT INTO [orders_order] ([id], [user_id], [total_price], [payment_method], [transaction_id], [paid_at], [status], [created_at]) VALUES (10031, 2, N'1500000.00', N'vnpay', NULL, NULL, N'pending', '2026-04-06T07:19:25.248704+00:00');
INSERT INTO [orders_order] ([id], [user_id], [total_price], [payment_method], [transaction_id], [paid_at], [status], [created_at]) VALUES (10032, 2, N'899000.00', N'vnpay', NULL, NULL, N'pending', '2026-04-06T07:20:56.345772+00:00');
INSERT INTO [orders_order] ([id], [user_id], [total_price], [payment_method], [transaction_id], [paid_at], [status], [created_at]) VALUES (10033, 2, N'599000.00', N'vnpay', NULL, NULL, N'pending', '2026-04-06T07:53:41.850151+00:00');
INSERT INTO [orders_order] ([id], [user_id], [total_price], [payment_method], [transaction_id], [paid_at], [status], [created_at]) VALUES (10034, 2, N'0.00', N'vnpay', NULL, NULL, N'pending', '2026-04-06T07:56:57.897199+00:00');
INSERT INTO [orders_order] ([id], [user_id], [total_price], [payment_method], [transaction_id], [paid_at], [status], [created_at]) VALUES (10035, 2, N'1000.00', N'vnpay', NULL, NULL, N'paid', '2026-04-06T08:01:38.500484+00:00');
INSERT INTO [orders_order] ([id], [user_id], [total_price], [payment_method], [transaction_id], [paid_at], [status], [created_at]) VALUES (10036, 2, N'1000.00', N'vnpay', NULL, NULL, N'pending', '2026-04-06T08:08:03.743212+00:00');
INSERT INTO [orders_order] ([id], [user_id], [total_price], [payment_method], [transaction_id], [paid_at], [status], [created_at]) VALUES (10037, 2, N'1000.00', N'vnpay', NULL, NULL, N'pending', '2026-04-06T08:14:13.242618+00:00');
INSERT INTO [orders_order] ([id], [user_id], [total_price], [payment_method], [transaction_id], [paid_at], [status], [created_at]) VALUES (10038, 2, N'1000.00', N'vnpay', NULL, NULL, N'pending', '2026-04-06T08:25:50.422811+00:00');
INSERT INTO [orders_order] ([id], [user_id], [total_price], [payment_method], [transaction_id], [paid_at], [status], [created_at]) VALUES (10039, 2, N'1000.00', N'vnpay', NULL, NULL, N'pending', '2026-04-06T08:28:25.648689+00:00');
INSERT INTO [orders_order] ([id], [user_id], [total_price], [payment_method], [transaction_id], [paid_at], [status], [created_at]) VALUES (10040, 2, N'1200000.00', N'vnpay', NULL, NULL, N'pending', '2026-04-06T09:11:36.335143+00:00');
INSERT INTO [orders_order] ([id], [user_id], [total_price], [payment_method], [transaction_id], [paid_at], [status], [created_at]) VALUES (10041, 2, N'1200000.00', N'vnpay', NULL, NULL, N'pending', '2026-04-06T09:16:15.953607+00:00');
INSERT INTO [orders_order] ([id], [user_id], [total_price], [payment_method], [transaction_id], [paid_at], [status], [created_at]) VALUES (10042, 2, N'899000.00', N'vnpay', NULL, NULL, N'pending', '2026-04-06T09:24:32.697010+00:00');
INSERT INTO [orders_order] ([id], [user_id], [total_price], [payment_method], [transaction_id], [paid_at], [status], [created_at]) VALUES (10043, 2, N'1500000.00', N'vnpay', NULL, NULL, N'pending', '2026-04-06T09:25:44.197283+00:00');
INSERT INTO [orders_order] ([id], [user_id], [total_price], [payment_method], [transaction_id], [paid_at], [status], [created_at]) VALUES (10044, 2, N'1000.00', N'vnpay', NULL, NULL, N'pending', '2026-04-06T09:26:18.046173+00:00');
INSERT INTO [orders_order] ([id], [user_id], [total_price], [payment_method], [transaction_id], [paid_at], [status], [created_at]) VALUES (10045, 2, N'1000.00', N'vnpay', NULL, NULL, N'pending', '2026-04-06T09:29:16.413953+00:00');
INSERT INTO [orders_order] ([id], [user_id], [total_price], [payment_method], [transaction_id], [paid_at], [status], [created_at]) VALUES (10046, 2, N'780000.00', N'vnpay', N'15484337', '2026-04-06T09:30:52.429909+00:00', N'paid', '2026-04-06T09:30:21.201832+00:00');
INSERT INTO [orders_order] ([id], [user_id], [total_price], [payment_method], [transaction_id], [paid_at], [status], [created_at]) VALUES (10047, 2, N'1500000.00', N'vnpay', NULL, NULL, N'pending', '2026-04-06T09:32:05.487007+00:00');
INSERT INTO [orders_order] ([id], [user_id], [total_price], [payment_method], [transaction_id], [paid_at], [status], [created_at]) VALUES (10048, 2, N'499000.00', N'momo', NULL, NULL, N'pending', '2026-04-06T09:33:22.687081+00:00');
INSERT INTO [orders_order] ([id], [user_id], [total_price], [payment_method], [transaction_id], [paid_at], [status], [created_at]) VALUES (10049, 2, N'950000.00', N'card', NULL, NULL, N'pending', '2026-04-06T09:46:06.208052+00:00');
INSERT INTO [orders_order] ([id], [user_id], [total_price], [payment_method], [transaction_id], [paid_at], [status], [created_at]) VALUES (10050, 2, N'450000.00', N'card', N'pi_3TJ9u7CXDledMR050iwVUM3u', '2026-04-06T09:57:11.813928+00:00', N'paid', '2026-04-06T09:57:09.854438+00:00');
INSERT INTO [orders_order] ([id], [user_id], [total_price], [payment_method], [transaction_id], [paid_at], [status], [created_at]) VALUES (10051, 2, N'899000.00', N'chuyen_khoan', NULL, NULL, N'pending', '2026-04-06T09:58:45.145967+00:00');
INSERT INTO [orders_order] ([id], [user_id], [total_price], [payment_method], [transaction_id], [paid_at], [status], [created_at]) VALUES (10052, 2, N'899000.00', N'vnpay', NULL, NULL, N'pending', '2026-04-07T06:56:42.129639+00:00');
INSERT INTO [orders_order] ([id], [user_id], [total_price], [payment_method], [transaction_id], [paid_at], [status], [created_at]) VALUES (10053, 2, N'780000.00', N'card', N'pi_3TJTawCXDledMR051MPOTjv2', '2026-04-07T06:58:42.202613+00:00', N'paid', '2026-04-07T06:58:40.296913+00:00');
INSERT INTO [orders_order] ([id], [user_id], [total_price], [payment_method], [transaction_id], [paid_at], [status], [created_at]) VALUES (10054, 91, N'899000.00', N'vnpay', NULL, NULL, N'pending', '2026-04-08T07:19:19.374460+00:00');
INSERT INTO [orders_order] ([id], [user_id], [total_price], [payment_method], [transaction_id], [paid_at], [status], [created_at]) VALUES (10055, 91, N'899000.00', N'vnpay', N'15487467', '2026-04-08T07:23:49.033135+00:00', N'paid', '2026-04-08T07:23:01.819516+00:00');
INSERT INTO [orders_order] ([id], [user_id], [total_price], [payment_method], [transaction_id], [paid_at], [status], [created_at]) VALUES (10056, 91, N'1200000.00', N'vnpay', NULL, NULL, N'pending', '2026-04-09T08:06:31.816000+00:00');
INSERT INTO [orders_order] ([id], [user_id], [total_price], [payment_method], [transaction_id], [paid_at], [status], [created_at]) VALUES (10057, 2, N'899000.00', N'vnpay', N'15490044', '2026-04-09T13:48:37.503981+00:00', N'paid', '2026-04-09T13:45:45.725880+00:00');
INSERT INTO [orders_order] ([id], [user_id], [total_price], [payment_method], [transaction_id], [paid_at], [status], [created_at]) VALUES (10058, 92, N'2000.00', N'vnpay', NULL, NULL, N'pending', '2026-04-10T04:01:26.179222+00:00');
INSERT INTO [orders_order] ([id], [user_id], [total_price], [payment_method], [transaction_id], [paid_at], [status], [created_at]) VALUES (10059, 92, N'899000.00', N'vnpay', N'15490927', '2026-04-10T04:05:02.876236+00:00', N'paid', '2026-04-10T04:04:28.805137+00:00');
INSERT INTO [orders_order] ([id], [user_id], [total_price], [payment_method], [transaction_id], [paid_at], [status], [created_at]) VALUES (10060, 2, N'1200000.00', N'vnpay', NULL, NULL, N'pending', '2026-04-10T06:59:20.888097+00:00');
INSERT INTO [orders_order] ([id], [user_id], [total_price], [payment_method], [transaction_id], [paid_at], [status], [created_at]) VALUES (10061, 92, N'450000.00', N'vnpay', NULL, NULL, N'pending', '2026-04-10T16:15:25.101096+00:00');
INSERT INTO [orders_order] ([id], [user_id], [total_price], [payment_method], [transaction_id], [paid_at], [status], [created_at]) VALUES (10062, 92, N'1500000.00', N'vnpay', N'15491911', '2026-04-10T16:17:38.562519+00:00', N'paid', '2026-04-10T16:16:02.728943+00:00');
INSERT INTO [orders_order] ([id], [user_id], [total_price], [payment_method], [transaction_id], [paid_at], [status], [created_at]) VALUES (10063, 92, N'450000.00', N'vnpay', NULL, NULL, N'pending', '2026-04-10T16:26:43.876713+00:00');
INSERT INTO [orders_order] ([id], [user_id], [total_price], [payment_method], [transaction_id], [paid_at], [status], [created_at]) VALUES (10064, 92, N'450000.00', N'vnpay', NULL, NULL, N'pending', '2026-04-10T16:27:32.639525+00:00');
INSERT INTO [orders_order] ([id], [user_id], [total_price], [payment_method], [transaction_id], [paid_at], [status], [created_at]) VALUES (10065, 92, N'0.00', N'vnpay', NULL, NULL, N'pending', '2026-04-10T16:30:42.293523+00:00');
SET IDENTITY_INSERT [orders_order] OFF;
GO

-- Bảng: [orders_orderitem]
SET IDENTITY_INSERT [orders_orderitem] ON;
INSERT INTO [orders_orderitem] ([id], [order_id], [course_id], [price]) VALUES (10058, 10056, 429, N'1200000.00');
INSERT INTO [orders_orderitem] ([id], [order_id], [course_id], [price]) VALUES (10059, 10057, 431, N'899000.00');
INSERT INTO [orders_orderitem] ([id], [order_id], [course_id], [price]) VALUES (10060, 10058, 450, N'2000.00');
INSERT INTO [orders_orderitem] ([id], [order_id], [course_id], [price]) VALUES (10061, 10059, 431, N'899000.00');
INSERT INTO [orders_orderitem] ([id], [order_id], [course_id], [price]) VALUES (10062, 10060, 429, N'1200000.00');
INSERT INTO [orders_orderitem] ([id], [order_id], [course_id], [price]) VALUES (10063, 10061, 434, N'450000.00');
INSERT INTO [orders_orderitem] ([id], [order_id], [course_id], [price]) VALUES (10064, 10062, 432, N'1500000.00');
INSERT INTO [orders_orderitem] ([id], [order_id], [course_id], [price]) VALUES (10065, 10063, 449, N'450000.00');
INSERT INTO [orders_orderitem] ([id], [order_id], [course_id], [price]) VALUES (10066, 10064, 449, N'450000.00');
INSERT INTO [orders_orderitem] ([id], [order_id], [course_id], [price]) VALUES (10067, 10065, 433, N'0.00');
SET IDENTITY_INSERT [orders_orderitem] OFF;
GO

